Nome do Ativo;Data;PU Curva;PU Indicativo;Taxa Compra;Taxa Indicativa;Quantidade em Mercado
POSI12 - POSITIVO TECNOLOGIA - 20250225 - DI + 4.55%;10/03/2021;1000;;;;
POSI12 - POSITIVO TECNOLOGIA - 20250225 - DI + 4.55%;11/03/2021;1000,251287;;;;300000
POSI12 - POSITIVO TECNOLOGIA - 20250225 - DI + 4.55%;12/03/2021;1000,502642;;;;300000
POSI12 - POSITIVO TECNOLOGIA - 20250225 - DI + 4.55%;15/03/2021;1000,754055;;;;300000
POSI12 - POSITIVO TECNOLOGIA - 20250225 - DI + 4.55%;16/03/2021;1001,005524;;;;300000
POSI12 - POSITIVO TECNOLOGIA - 20250225 - DI + 4.55%;17/03/2021;1001,257072;;;;300000
POSI12 - POSITIVO TECNOLOGIA - 20250225 - DI + 4.55%;18/03/2021;1001,508667;;;;300000
POSI12 - POSITIVO TECNOLOGIA - 20250225 - DI + 4.55%;19/03/2021;1001,789486;;;;300000
POSI12 - POSITIVO TECNOLOGIA - 20250225 - DI + 4.55%;22/03/2021;1002,070382;;;;300000
POSI12 - POSITIVO TECNOLOGIA - 20250225 - DI + 4.55%;23/03/2021;1002,351357;;;;300000
POSI12 - POSITIVO TECNOLOGIA - 20250225 - DI + 4.55%;24/03/2021;1002,6324;;;;300000
POSI12 - POSITIVO TECNOLOGIA - 20250225 - DI + 4.55%;25/03/2021;1002,913531;;;;300000
POSI12 - POSITIVO TECNOLOGIA - 20250225 - DI + 4.55%;26/03/2021;1003,19474;;;;300000
POSI12 - POSITIVO TECNOLOGIA - 20250225 - DI + 4.55%;29/03/2021;1003,476037;;;;300000
POSI12 - POSITIVO TECNOLOGIA - 20250225 - DI + 4.55%;30/03/2021;1003,757402;;;;300000
POSI12 - POSITIVO TECNOLOGIA - 20250225 - DI + 4.55%;31/03/2021;1004,038845;;;;300000
POSI12 - POSITIVO TECNOLOGIA - 20250225 - DI + 4.55%;01/04/2021;1004,320366;;;;300000
POSI12 - POSITIVO TECNOLOGIA - 20250225 - DI + 4.55%;05/04/2021;1004,601975;;;;300000
POSI12 - POSITIVO TECNOLOGIA - 20250225 - DI + 4.55%;06/04/2021;1004,883653;;;;300000
POSI12 - POSITIVO TECNOLOGIA - 20250225 - DI + 4.55%;07/04/2021;1005,165418;;;;300000
POSI12 - POSITIVO TECNOLOGIA - 20250225 - DI + 4.55%;08/04/2021;1005,447263;;;;300000
POSI12 - POSITIVO TECNOLOGIA - 20250225 - DI + 4.55%;09/04/2021;1005,729174;;;;300000
POSI12 - POSITIVO TECNOLOGIA - 20250225 - DI + 4.55%;12/04/2021;1006,011175;;;;300000
POSI12 - POSITIVO TECNOLOGIA - 20250225 - DI + 4.55%;13/04/2021;1006,293254;;;;300000
POSI12 - POSITIVO TECNOLOGIA - 20250225 - DI + 4.55%;14/04/2021;1006,575411;;;;300000
POSI12 - POSITIVO TECNOLOGIA - 20250225 - DI + 4.55%;15/04/2021;1006,857646;;;;300000
POSI12 - POSITIVO TECNOLOGIA - 20250225 - DI + 4.55%;16/04/2021;1007,13996;;;;300000
POSI12 - POSITIVO TECNOLOGIA - 20250225 - DI + 4.55%;19/04/2021;1007,422362;;;;300000
POSI12 - POSITIVO TECNOLOGIA - 20250225 - DI + 4.55%;20/04/2021;1007,704833;;;;300000
POSI12 - POSITIVO TECNOLOGIA - 20250225 - DI + 4.55%;22/04/2021;1007,987381;;;;300000
POSI12 - POSITIVO TECNOLOGIA - 20250225 - DI + 4.55%;23/04/2021;1008,270018;;;;300000
POSI12 - POSITIVO TECNOLOGIA - 20250225 - DI + 4.55%;26/04/2021;1008,552724;;;;300000
POSI12 - POSITIVO TECNOLOGIA - 20250225 - DI + 4.55%;27/04/2021;1008,835518;;;;300000
POSI12 - POSITIVO TECNOLOGIA - 20250225 - DI + 4.55%;28/04/2021;1009,118391;;;;300000
POSI12 - POSITIVO TECNOLOGIA - 20250225 - DI + 4.55%;29/04/2021;1009,401332;;;;300000
POSI12 - POSITIVO TECNOLOGIA - 20250225 - DI + 4.55%;30/04/2021;1009,684362;;;;300000
POSI12 - POSITIVO TECNOLOGIA - 20250225 - DI + 4.55%;03/05/2021;1009,96747;;;;300000
POSI12 - POSITIVO TECNOLOGIA - 20250225 - DI + 4.55%;04/05/2021;1010,250657;;;;300000
POSI12 - POSITIVO TECNOLOGIA - 20250225 - DI + 4.55%;05/05/2021;1010,533922;;;;300000
POSI12 - POSITIVO TECNOLOGIA - 20250225 - DI + 4.55%;06/05/2021;1010,817276;;;;300000
POSI12 - POSITIVO TECNOLOGIA - 20250225 - DI + 4.55%;07/05/2021;1011,129914;;;;
POSI12 - POSITIVO TECNOLOGIA - 20250225 - DI + 4.55%;10/05/2021;1011,442652;;;;300000
POSI12 - POSITIVO TECNOLOGIA - 20250225 - DI + 4.55%;11/05/2021;1011,755488;;;;300000
POSI12 - POSITIVO TECNOLOGIA - 20250225 - DI + 4.55%;12/05/2021;1012,068423;;;;300000
POSI12 - POSITIVO TECNOLOGIA - 20250225 - DI + 4.55%;13/05/2021;1012,381458;;;;300000
POSI12 - POSITIVO TECNOLOGIA - 20250225 - DI + 4.55%;14/05/2021;1012,694582;;;;300000
POSI12 - POSITIVO TECNOLOGIA - 20250225 - DI + 4.55%;17/05/2021;1013,007805;;;;300000
POSI12 - POSITIVO TECNOLOGIA - 20250225 - DI + 4.55%;18/05/2021;1013,321127;;;;300000
POSI12 - POSITIVO TECNOLOGIA - 20250225 - DI + 4.55%;19/05/2021;1013,634547;;;;300000
POSI12 - POSITIVO TECNOLOGIA - 20250225 - DI + 4.55%;20/05/2021;1013,948058;;;;300000
POSI12 - POSITIVO TECNOLOGIA - 20250225 - DI + 4.55%;21/05/2021;1014,261668;;;;300000
POSI12 - POSITIVO TECNOLOGIA - 20250225 - DI + 4.55%;24/05/2021;1014,575378;;;;300000
POSI12 - POSITIVO TECNOLOGIA - 20250225 - DI + 4.55%;25/05/2021;937,5;;;;300000
POSI12 - POSITIVO TECNOLOGIA - 20250225 - DI + 4.55%;26/05/2021;937,789966;;;;300000
POSI12 - POSITIVO TECNOLOGIA - 20250225 - DI + 4.55%;27/05/2021;938,080025;;;;300000
POSI12 - POSITIVO TECNOLOGIA - 20250225 - DI + 4.55%;28/05/2021;938,370166;;;;300000
POSI12 - POSITIVO TECNOLOGIA - 20250225 - DI + 4.55%;31/05/2021;938,660408;;;;300000
POSI12 - POSITIVO TECNOLOGIA - 20250225 - DI + 4.55%;01/06/2021;938,950732;;;;300000
POSI12 - POSITIVO TECNOLOGIA - 20250225 - DI + 4.55%;02/06/2021;939,24114;;;;300000
POSI12 - POSITIVO TECNOLOGIA - 20250225 - DI + 4.55%;04/06/2021;939,531649;;;;300000
POSI12 - POSITIVO TECNOLOGIA - 20250225 - DI + 4.55%;07/06/2021;939,82224;;;;300000
POSI12 - POSITIVO TECNOLOGIA - 20250225 - DI + 4.55%;08/06/2021;940,112924;;;;300000
POSI12 - POSITIVO TECNOLOGIA - 20250225 - DI + 4.55%;09/06/2021;940,4037;;;;300000
POSI12 - POSITIVO TECNOLOGIA - 20250225 - DI + 4.55%;10/06/2021;940,694569;;;;300000
POSI12 - POSITIVO TECNOLOGIA - 20250225 - DI + 4.55%;11/06/2021;940,985519;;;;300000
POSI12 - POSITIVO TECNOLOGIA - 20250225 - DI + 4.55%;14/06/2021;941,276562;;;;300000
POSI12 - POSITIVO TECNOLOGIA - 20250225 - DI + 4.55%;15/06/2021;941,567698;;;;300000
POSI12 - POSITIVO TECNOLOGIA - 20250225 - DI + 4.55%;16/06/2021;941,858925;;;;300000
POSI12 - POSITIVO TECNOLOGIA - 20250225 - DI + 4.55%;17/06/2021;942,150235;;;;300000
POSI12 - POSITIVO TECNOLOGIA - 20250225 - DI + 4.55%;18/06/2021;942,468673;;;;300000
POSI12 - POSITIVO TECNOLOGIA - 20250225 - DI + 4.55%;21/06/2021;942,787211;;;;300000
POSI12 - POSITIVO TECNOLOGIA - 20250225 - DI + 4.55%;22/06/2021;943,105852;;;;300000
POSI12 - POSITIVO TECNOLOGIA - 20250225 - DI + 4.55%;23/06/2021;943,424604;949,075389;0,042562;0,041808;300000
POSI12 - POSITIVO TECNOLOGIA - 20250225 - DI + 4.55%;24/06/2021;943,743468;949,869247;0,042679;0,041495;300000
POSI12 - POSITIVO TECNOLOGIA - 20250225 - DI + 4.55%;25/06/2021;944,062433;950,311539;0,042699;0,041407;300000
POSI12 - POSITIVO TECNOLOGIA - 20250225 - DI + 4.55%;28/06/2021;944,381511;950,951145;0,0426;0,041198;300000
POSI12 - POSITIVO TECNOLOGIA - 20250225 - DI + 4.55%;29/06/2021;944,700699;951,267833;0,042699;0,041193;300000
POSI12 - POSITIVO TECNOLOGIA - 20250225 - DI + 4.55%;30/06/2021;945,019988;951,440619;0,04296;0,041276;300000
POSI12 - POSITIVO TECNOLOGIA - 20250225 - DI + 4.55%;01/07/2021;945,339392;951,619208;0,042824;0,041357;300000
POSI12 - POSITIVO TECNOLOGIA - 20250225 - DI + 4.55%;02/07/2021;945,658896;952,046147;0,042;0,04128;300000
POSI12 - POSITIVO TECNOLOGIA - 20250225 - DI + 4.55%;05/07/2021;945,978512;952,665692;0,04184;0,041071;300000
POSI12 - POSITIVO TECNOLOGIA - 20250225 - DI + 4.55%;06/07/2021;946,298239;953,400833;0,042;0,040784;300000
POSI12 - POSITIVO TECNOLOGIA - 20250225 - DI + 4.55%;07/07/2021;946,61807;953,877547;0,042075;0,040674;300000
POSI12 - POSITIVO TECNOLOGIA - 20250225 - DI + 4.55%;08/07/2021;946,938011;954,158711;0,04228;0,040687;300000
POSI12 - POSITIVO TECNOLOGIA - 20250225 - DI + 4.55%;09/07/2021;947,258055;954,464313;;0,040687;300000
POSI12 - POSITIVO TECNOLOGIA - 20250225 - DI + 4.55%;12/07/2021;947,57822;954,723432;0,042;0,040716;300000
POSI12 - POSITIVO TECNOLOGIA - 20250225 - DI + 4.55%;13/07/2021;947,898478;955,360526;0,04175;0,040492;300000
POSI12 - POSITIVO TECNOLOGIA - 20250225 - DI + 4.55%;14/07/2021;948,218858;956,41376;0,041483;0,04;300000
POSI12 - POSITIVO TECNOLOGIA - 20250225 - DI + 4.55%;15/07/2021;948,539339;957,503287;0,040267;0,039475;300000
POSI12 - POSITIVO TECNOLOGIA - 20250225 - DI + 4.55%;16/07/2021;948,859924;958,596981;0,04;0,038952;300000
POSI12 - POSITIVO TECNOLOGIA - 20250225 - DI + 4.55%;19/07/2021;949,18062;959,304044;0,040125;0,038684;300000
POSI12 - POSITIVO TECNOLOGIA - 20250225 - DI + 4.55%;20/07/2021;949,501428;959,710248;0,0402;0,038618;300000
POSI12 - POSITIVO TECNOLOGIA - 20250225 - DI + 4.55%;21/07/2021;949,822349;960,110921;0,039874;0,03855;300000
POSI12 - POSITIVO TECNOLOGIA - 20250225 - DI + 4.55%;22/07/2021;950,143372;960,676784;0,04;0,038369;300000
POSI12 - POSITIVO TECNOLOGIA - 20250225 - DI + 4.55%;23/07/2021;950,464497;961,243612;0,04;0,038172;300000
POSI12 - POSITIVO TECNOLOGIA - 20250225 - DI + 4.55%;26/07/2021;950,785745;961,756429;0,04;0,038022;300000
POSI12 - POSITIVO TECNOLOGIA - 20250225 - DI + 4.55%;27/07/2021;951,107084;962,267133;0,04;0,037874;300000
POSI12 - POSITIVO TECNOLOGIA - 20250225 - DI + 4.55%;28/07/2021;951,428547;962,7752;0,04;0,037729;300000
POSI12 - POSITIVO TECNOLOGIA - 20250225 - DI + 4.55%;29/07/2021;951,750112;963,278358;0,04;0,037598;300000
POSI12 - POSITIVO TECNOLOGIA - 20250225 - DI + 4.55%;30/07/2021;952,071788;963,561844;0,04;0,037589;300000
POSI12 - POSITIVO TECNOLOGIA - 20250225 - DI + 4.55%;02/08/2021;952,393569;963,83943;0,04;0,0376;300000
POSI12 - POSITIVO TECNOLOGIA - 20250225 - DI + 4.55%;03/08/2021;952,715461;964,312905;0,039228;0,037477;300000
POSI12 - POSITIVO TECNOLOGIA - 20250225 - DI + 4.55%;04/08/2021;953,037466;964,90187;0,039;0,037278;300000
POSI12 - POSITIVO TECNOLOGIA - 20250225 - DI + 4.55%;05/08/2021;953,359573;965,534851;0,038902;0,037027;300000
POSI12 - POSITIVO TECNOLOGIA - 20250225 - DI + 4.55%;06/08/2021;953,717965;965,984351;0,039;0,036948;300000
POSI12 - POSITIVO TECNOLOGIA - 20250225 - DI + 4.55%;09/08/2021;954,07648;966,313639;0,039;0,036944;300000
POSI12 - POSITIVO TECNOLOGIA - 20250225 - DI + 4.55%;10/08/2021;954,435142;966,73029;0,038244;0,036895;300000
POSI12 - POSITIVO TECNOLOGIA - 20250225 - DI + 4.55%;11/08/2021;954,793927;967,093552;0,038365;0,036871;300000
POSI12 - POSITIVO TECNOLOGIA - 20250225 - DI + 4.55%;12/08/2021;955,152859;967,441092;0,038363;0,036851;300000
POSI12 - POSITIVO TECNOLOGIA - 20250225 - DI + 4.55%;13/08/2021;955,511914;967,660955;0,039;0,036921;300000
POSI12 - POSITIVO TECNOLOGIA - 20250225 - DI + 4.55%;16/08/2021;955,871104;967,954536;0,039;0,036945;300000
POSI12 - POSITIVO TECNOLOGIA - 20250225 - DI + 4.55%;17/08/2021;956,230439;968,251527;0,039;0,036969;300000
POSI12 - POSITIVO TECNOLOGIA - 20250225 - DI + 4.55%;18/08/2021;956,589908;968,608299;0,038373;0,03694;300000
POSI12 - POSITIVO TECNOLOGIA - 20250225 - DI + 4.55%;19/08/2021;956,949504;969,000562;0,03837;0,0369;300000
POSI12 - POSITIVO TECNOLOGIA - 20250225 - DI + 4.55%;20/08/2021;957,309245;969,496983;0,038049;0,036794;300000
POSI12 - POSITIVO TECNOLOGIA - 20250225 - DI + 4.55%;23/08/2021;957,669111;969,874411;0,038227;0,036754;300000
POSI12 - POSITIVO TECNOLOGIA - 20250225 - DI + 4.55%;24/08/2021;958,029121;970,281929;0,0385;0,036709;300000
POSI12 - POSITIVO TECNOLOGIA - 20250225 - DI + 4.55%;25/08/2021;874,999688;887,322377;0,0385;0,036642;300000
POSI12 - POSITIVO TECNOLOGIA - 20250225 - DI + 4.55%;26/08/2021;875,328616;888,357769;0,037764;0,036122;300000
POSI12 - POSITIVO TECNOLOGIA - 20250225 - DI + 4.55%;27/08/2021;875,65767;888,516389;0,037382;0,036229;300000
POSI12 - POSITIVO TECNOLOGIA - 20250225 - DI + 4.55%;30/08/2021;875,986847;888,920932;0,037563;0,03616;300000
POSI12 - POSITIVO TECNOLOGIA - 20250225 - DI + 4.55%;31/08/2021;876,316147;889,278354;0,037796;0,036113;300000
POSI12 - POSITIVO TECNOLOGIA - 20250225 - DI + 4.55%;01/09/2021;876,645572;889,584353;0,037714;0,036108;300000
POSI12 - POSITIVO TECNOLOGIA - 20250225 - DI + 4.55%;02/09/2021;876,975122;890,00916;0,03785;0,036008;300000
POSI12 - POSITIVO TECNOLOGIA - 20250225 - DI + 4.55%;03/09/2021;877,304786;890,322101;0,037554;0,036;300000
POSI12 - POSITIVO TECNOLOGIA - 20250225 - DI + 4.55%;06/09/2021;877,634583;890,622667;0,038;0,036005;300000
POSI12 - POSITIVO TECNOLOGIA - 20250225 - DI + 4.55%;08/09/2021;877,964505;890,905685;0,03785;0,036005;300000
POSI12 - POSITIVO TECNOLOGIA - 20250225 - DI + 4.55%;09/09/2021;878,29455;891,165387;0,037542;0,036005;300000
POSI12 - POSITIVO TECNOLOGIA - 20250225 - DI + 4.55%;10/09/2021;878,62472;891,481109;0,037798;0,036004;300000
POSI12 - POSITIVO TECNOLOGIA - 20250225 - DI + 4.55%;13/09/2021;878,955005;891,785777;0,037833;0,036004;300000
POSI12 - POSITIVO TECNOLOGIA - 20250225 - DI + 4.55%;14/09/2021;879,285425;892,115944;0,038016;0,036004;300000
POSI12 - POSITIVO TECNOLOGIA - 20250225 - DI + 4.55%;15/09/2021;879,615968;892,417449;0,038016;0,036;300000
POSI12 - POSITIVO TECNOLOGIA - 20250225 - DI + 4.55%;16/09/2021;879,946626;892,718915;0,038016;0,036;300000
POSI12 - POSITIVO TECNOLOGIA - 20250225 - DI + 4.55%;17/09/2021;880,277418;893,017704;0,038016;0,036;300000
POSI12 - POSITIVO TECNOLOGIA - 20250225 - DI + 4.55%;20/09/2021;880,608334;893,321516;0,038;0,036004;300000
POSI12 - POSITIVO TECNOLOGIA - 20250225 - DI + 4.55%;21/09/2021;880,939366;893,641013;0,038;0,036008;300000
POSI12 - POSITIVO TECNOLOGIA - 20250225 - DI + 4.55%;22/09/2021;881,270532;893,812811;0,038;0,036108;300000
POSI12 - POSITIVO TECNOLOGIA - 20250225 - DI + 4.55%;23/09/2021;881,601822;893,970435;0,038;0,036209;300000
POSI12 - POSITIVO TECNOLOGIA - 20250225 - DI + 4.55%;24/09/2021;881,966355;894,302289;0,038;0,036209;300000
POSI12 - POSITIVO TECNOLOGIA - 20250225 - DI + 4.55%;27/09/2021;882,331043;894,759535;0,038;0,036114;300000
POSI12 - POSITIVO TECNOLOGIA - 20250225 - DI + 4.55%;28/09/2021;882,695884;895,222307;0,038;0,036013;300000
POSI12 - POSITIVO TECNOLOGIA - 20250225 - DI + 4.55%;29/09/2021;883,060878;895,567039;0,038;0,036013;300000
POSI12 - POSITIVO TECNOLOGIA - 20250225 - DI + 4.55%;30/09/2021;883,426019;895,896088;0,037876;0,036014;300000
POSI12 - POSITIVO TECNOLOGIA - 20250225 - DI + 4.55%;01/10/2021;883,791315;896,248637;0,037849;0,036011;300000
POSI12 - POSITIVO TECNOLOGIA - 20250225 - DI + 4.55%;04/10/2021;884,156755;896,580624;0,037878;0,036011;300000
POSI12 - POSITIVO TECNOLOGIA - 20250225 - DI + 4.55%;05/10/2021;884,52235;896,921954;0,038016;0,036006;300000
POSI12 - POSITIVO TECNOLOGIA - 20250225 - DI + 4.55%;06/10/2021;884,888099;897,280769;0,038016;0,036005;300000
POSI12 - POSITIVO TECNOLOGIA - 20250225 - DI + 4.55%;07/10/2021;885,253993;897,614466;0,038016;0,036;300000
POSI12 - POSITIVO TECNOLOGIA - 20250225 - DI + 4.55%;08/10/2021;885,620042;897,968771;0,037896;0,036004;300000
POSI12 - POSITIVO TECNOLOGIA - 20250225 - DI + 4.55%;11/10/2021;885,986246;898,30275;0,038;0,036004;300000
POSI12 - POSITIVO TECNOLOGIA - 20250225 - DI + 4.55%;13/10/2021;886,352595;898,638409;0,037768;0,036008;300000
POSI12 - POSITIVO TECNOLOGIA - 20250225 - DI + 4.55%;14/10/2021;886,719098;899,118659;0,037591;0,035895;300000
POSI12 - POSITIVO TECNOLOGIA - 20250225 - DI + 4.55%;15/10/2021;887,085756;899,635264;0,03751;0,03575;300000
POSI12 - POSITIVO TECNOLOGIA - 20250225 - DI + 4.55%;18/10/2021;887,452561;900,136089;0,037427;0,03562;300000
POSI12 - POSITIVO TECNOLOGIA - 20250225 - DI + 4.55%;19/10/2021;887,81952;900,440754;0,037416;0,035603;300000
POSI12 - POSITIVO TECNOLOGIA - 20250225 - DI + 4.55%;20/10/2021;888,186626;900,806305;0,037415;0,035581;300000
POSI12 - POSITIVO TECNOLOGIA - 20250225 - DI + 4.55%;21/10/2021;888,553884;901,140938;0,037413;0,03554;300000
POSI12 - POSITIVO TECNOLOGIA - 20250225 - DI + 4.55%;22/10/2021;888,9213;901,458868;0,037394;0,035535;300000
POSI12 - POSITIVO TECNOLOGIA - 20250225 - DI + 4.55%;25/10/2021;889,288869;901,713322;0,037394;0,035582;300000
POSI12 - POSITIVO TECNOLOGIA - 20250225 - DI + 4.55%;26/10/2021;889,656585;901,935216;0,037398;0,035646;300000
POSI12 - POSITIVO TECNOLOGIA - 20250225 - DI + 4.55%;27/10/2021;890,024455;902,124793;0,037381;0,035771;300000
POSI12 - POSITIVO TECNOLOGIA - 20250225 - DI + 4.55%;28/10/2021;890,392472;902,381564;0,037393;0,035782;300000
POSI12 - POSITIVO TECNOLOGIA - 20250225 - DI + 4.55%;29/10/2021;890,810248;902,618302;0,037392;0,035925;300000
POSI12 - POSITIVO TECNOLOGIA - 20250225 - DI + 4.55%;01/11/2021;891,228212;902,940147;0,037288;0,035967;300000
POSI12 - POSITIVO TECNOLOGIA - 20250225 - DI + 4.55%;03/11/2021;891,646368;903,168858;0,037408;0,036118;300000
POSI12 - POSITIVO TECNOLOGIA - 20250225 - DI + 4.55%;04/11/2021;892,064722;903,549176;0,03742;0,036124;300000
POSI12 - POSITIVO TECNOLOGIA - 20250225 - DI + 4.55%;05/11/2021;892,483277;903,930128;0,037324;0,036139;300000
POSI12 - POSITIVO TECNOLOGIA - 20250225 - DI + 4.55%;08/11/2021;892,90203;904,26825;0,037433;0,036174;300000
POSI12 - POSITIVO TECNOLOGIA - 20250225 - DI + 4.55%;09/11/2021;893,320974;904,672585;0,037425;0,036175;300000
POSI12 - POSITIVO TECNOLOGIA - 20250225 - DI + 4.55%;10/11/2021;893,740118;904,944209;0,037777;0,036271;300000
POSI12 - POSITIVO TECNOLOGIA - 20250225 - DI + 4.55%;11/11/2021;894,159453;905,234676;0,038064;0,036368;300000
POSI12 - POSITIVO TECNOLOGIA - 20250225 - DI + 4.55%;12/11/2021;894,578988;905,730863;0,037938;0,036284;300000
POSI12 - POSITIVO TECNOLOGIA - 20250225 - DI + 4.55%;16/11/2021;894,998721;905,969916;0,037847;0,036408;300000
POSI12 - POSITIVO TECNOLOGIA - 20250225 - DI + 4.55%;17/11/2021;895,418656;906,401139;0,037856;0,036373;300000
POSI12 - POSITIVO TECNOLOGIA - 20250225 - DI + 4.55%;18/11/2021;895,838782;906,883586;0,037791;0,036293;300000
POSI12 - POSITIVO TECNOLOGIA - 20250225 - DI + 4.55%;19/11/2021;896,259106;907,33109;0,037785;0,036258;300000
POSI12 - POSITIVO TECNOLOGIA - 20250225 - DI + 4.55%;22/11/2021;896,679623;907,760345;0,037544;0,036211;300000
POSI12 - POSITIVO TECNOLOGIA - 20250225 - DI + 4.55%;23/11/2021;897,100339;908,135092;0,037676;0,036238;300000
POSI12 - POSITIVO TECNOLOGIA - 20250225 - DI + 4.55%;24/11/2021;897,521257;908,549081;0,037679;0,03623;300000
POSI12 - POSITIVO TECNOLOGIA - 20250225 - DI + 4.55%;25/11/2021;812,499335;823,423508;0,037781;0,036296;
POSI12 - POSITIVO TECNOLOGIA - 20250225 - DI + 4.55%;26/11/2021;812,880556;823,838566;0,037778;0,036263;300000
POSI12 - POSITIVO TECNOLOGIA - 20250225 - DI + 4.55%;29/11/2021;813,26196;824,278963;0,037507;0,036198;300000
POSI12 - POSITIVO TECNOLOGIA - 20250225 - DI + 4.55%;30/11/2021;813,643538;824,731344;0,037486;0,036122;300000
POSI12 - POSITIVO TECNOLOGIA - 20250225 - DI + 4.55%;01/12/2021;814,02529;824,908905;0,037898;0,036276;300000
POSI12 - POSITIVO TECNOLOGIA - 20250225 - DI + 4.55%;02/12/2021;814,407234;824,910801;0,038085;0,03659;
POSI12 - POSITIVO TECNOLOGIA - 20250225 - DI + 4.55%;03/12/2021;814,789343;824,817572;0,038329;0,03699;300000
POSI12 - POSITIVO TECNOLOGIA - 20250225 - DI + 4.55%;06/12/2021;815,171643;824,86269;0,038488;0,037253;300000
POSI12 - POSITIVO TECNOLOGIA - 20250225 - DI + 4.55%;07/12/2021;815,554119;825,038236;0,0386;0,037407;300000
POSI12 - POSITIVO TECNOLOGIA - 20250225 - DI + 4.55%;08/12/2021;815,936768;825,27944;0,038924;0,037518;300000
POSI12 - POSITIVO TECNOLOGIA - 20250225 - DI + 4.55%;09/12/2021;816,319602;825,581152;0,038932;0,03756;300000
POSI12 - POSITIVO TECNOLOGIA - 20250225 - DI + 4.55%;10/12/2021;816,747466;825,997844;0,038935;0,037566;300000
POSI12 - POSITIVO TECNOLOGIA - 20250225 - DI + 4.55%;13/12/2021;817,175552;826,377762;0,038871;0,037586;300000
POSI12 - POSITIVO TECNOLOGIA - 20250225 - DI + 4.55%;14/12/2021;817,603863;826,785432;0,038766;0,037589;300000
POSI12 - POSITIVO TECNOLOGIA - 20250225 - DI + 4.55%;15/12/2021;818,032397;827,157713;0,038857;0,037615;300000
POSI12 - POSITIVO TECNOLOGIA - 20250225 - DI + 4.55%;16/12/2021;818,461163;827,595998;0,038859;0,037583;300000
POSI12 - POSITIVO TECNOLOGIA - 20250225 - DI + 4.55%;17/12/2021;818,890144;828,018012;0,038856;0,037566;300000
POSI12 - POSITIVO TECNOLOGIA - 20250225 - DI + 4.55%;20/12/2021;819,319349;828,445409;0,038855;0,037565;300000
POSI12 - POSITIVO TECNOLOGIA - 20250225 - DI + 4.55%;21/12/2021;819,748785;828,864943;0,038855;0,037564;300000
POSI12 - POSITIVO TECNOLOGIA - 20250225 - DI + 4.55%;22/12/2021;820,178446;829,273853;0,038854;0,037564;300000
POSI12 - POSITIVO TECNOLOGIA - 20250225 - DI + 4.55%;23/12/2021;820,608332;829,709653;0,039276;0,037531;300000
POSI12 - POSITIVO TECNOLOGIA - 20250225 - DI + 4.55%;24/12/2021;821,038441;830,119845;;0,037531;300000
POSI12 - POSITIVO TECNOLOGIA - 20250225 - DI + 4.55%;27/12/2021;821,468775;830,501415;0,038938;0,037554;300000
POSI12 - POSITIVO TECNOLOGIA - 20250225 - DI + 4.55%;28/12/2021;821,89934;830,854306;0,038941;0,037604;300000
POSI12 - POSITIVO TECNOLOGIA - 20250225 - DI + 4.55%;29/12/2021;822,330122;831,197382;0,038948;0,037656;300000
POSI12 - POSITIVO TECNOLOGIA - 20250225 - DI + 4.55%;30/12/2021;822,761136;831,676247;0,038907;0,0376;300000
POSI12 - POSITIVO TECNOLOGIA - 20250225 - DI + 4.55%;31/12/2021;823,192375;832,087658;;0,0376;300000
POSI12 - POSITIVO TECNOLOGIA - 20250225 - DI + 4.55%;03/01/2022;823,623839;832,503523;0,039317;0,037591;300000
POSI12 - POSITIVO TECNOLOGIA - 20250225 - DI + 4.55%;04/01/2022;824,055528;832,866373;0,039316;0,037617;300000
POSI12 - POSITIVO TECNOLOGIA - 20250225 - DI + 4.55%;05/01/2022;824,487449;833,186051;0,039569;0,037694;300000
POSI12 - POSITIVO TECNOLOGIA - 20250225 - DI + 4.55%;06/01/2022;824,919587;833,482779;0,039616;0,037799;300000
POSI12 - POSITIVO TECNOLOGIA - 20250225 - DI + 4.55%;07/01/2022;825,351958;833,751152;0,039626;0,037924;300000
POSI12 - POSITIVO TECNOLOGIA - 20250225 - DI + 4.55%;10/01/2022;825,784555;834,073261;0,039638;0,038001;300000
POSI12 - POSITIVO TECNOLOGIA - 20250225 - DI + 4.55%;11/01/2022;826,217375;834,442852;0,039729;0,038041;300000
POSI12 - POSITIVO TECNOLOGIA - 20250225 - DI + 4.55%;12/01/2022;826,65043;834,831558;0,0399;0,038075;300000
POSI12 - POSITIVO TECNOLOGIA - 20250225 - DI + 4.55%;13/01/2022;827,083702;835,248029;0,039737;0,038072;300000
POSI12 - POSITIVO TECNOLOGIA - 20250225 - DI + 4.55%;14/01/2022;827,517208;835,632731;0,03975;0,038098;300000
POSI12 - POSITIVO TECNOLOGIA - 20250225 - DI + 4.55%;17/01/2022;827,950938;836,038255;0,039905;0,038099;300000
POSI12 - POSITIVO TECNOLOGIA - 20250225 - DI + 4.55%;18/01/2022;828,384894;836,417429;0,039776;0,038129;300000
POSI12 - POSITIVO TECNOLOGIA - 20250225 - DI + 4.55%;19/01/2022;828,819084;836,85735;0,039779;0,038114;300000
POSI12 - POSITIVO TECNOLOGIA - 20250225 - DI + 4.55%;20/01/2022;829,253492;837,281752;0,039907;0,038114;300000
POSI12 - POSITIVO TECNOLOGIA - 20250225 - DI + 4.55%;21/01/2022;829,688134;837,696255;0,039777;0,038114;300000
POSI12 - POSITIVO TECNOLOGIA - 20250225 - DI + 4.55%;24/01/2022;830,123009;838,115987;0,039777;0,038114;300000
POSI12 - POSITIVO TECNOLOGIA - 20250225 - DI + 4.55%;25/01/2022;830,558103;838,521934;0,039777;0,038124;300000
POSI12 - POSITIVO TECNOLOGIA - 20250225 - DI + 4.55%;26/01/2022;830,99343;838,767084;0,040027;0,038276;300000
POSI12 - POSITIVO TECNOLOGIA - 20250225 - DI + 4.55%;27/01/2022;831,428983;839,041281;0,040022;0,038394;300000
POSI12 - POSITIVO TECNOLOGIA - 20250225 - DI + 4.55%;28/01/2022;831,864764;839,413888;0,039838;0,038435;300000
POSI12 - POSITIVO TECNOLOGIA - 20250225 - DI + 4.55%;31/01/2022;832,30077;840,164352;0,039356;0,038126;300000
POSI12 - POSITIVO TECNOLOGIA - 20250225 - DI + 4.55%;01/02/2022;832,737011;840,647263;0,03989;0,038072;300000
POSI12 - POSITIVO TECNOLOGIA - 20250225 - DI + 4.55%;02/02/2022;833,173479;840,790083;0,039774;0,038332;300000
POSI12 - POSITIVO TECNOLOGIA - 20250225 - DI + 4.55%;03/02/2022;833,610172;841,139314;0,039928;0,038406;300000
POSI12 - POSITIVO TECNOLOGIA - 20250225 - DI + 4.55%;04/02/2022;834,092274;841,582545;0,039802;0,038419;300000
POSI12 - POSITIVO TECNOLOGIA - 20250225 - DI + 4.55%;07/02/2022;834,57466;842,058776;0,039803;0,038411;300000
POSI12 - POSITIVO TECNOLOGIA - 20250225 - DI + 4.55%;08/02/2022;835,05733;842,613469;0,039453;0,038318;300000
POSI12 - POSITIVO TECNOLOGIA - 20250225 - DI + 4.55%;09/02/2022;835,540267;843,166825;0,03976;0,038227;300000
POSI12 - POSITIVO TECNOLOGIA - 20250225 - DI + 4.55%;10/02/2022;836,023488;843,703294;0,039751;0,038153;300000
POSI12 - POSITIVO TECNOLOGIA - 20250225 - DI + 4.55%;11/02/2022;836,506994;844,137918;0,039744;0,038174;300000
POSI12 - POSITIVO TECNOLOGIA - 20250225 - DI + 4.55%;14/02/2022;836,990775;844,521632;0,039511;0,03825;300000
POSI12 - POSITIVO TECNOLOGIA - 20250225 - DI + 4.55%;15/02/2022;837,474832;845,036172;0,039589;0,038209;300000
POSI12 - POSITIVO TECNOLOGIA - 20250225 - DI + 4.55%;16/02/2022;837,959175;845,533171;0,039666;0,038178;300000
POSI12 - POSITIVO TECNOLOGIA - 20250225 - DI + 4.55%;17/02/2022;838,443801;846,1465;0,0391;0,038034;300000
POSI12 - POSITIVO TECNOLOGIA - 20250225 - DI + 4.55%;18/02/2022;838,928696;846,724341;0,039051;0,037928;300000
POSI12 - POSITIVO TECNOLOGIA - 20250225 - DI + 4.55%;21/02/2022;839,413883;847,306205;0,039349;0,037817;300000
POSI12 - POSITIVO TECNOLOGIA - 20250225 - DI + 4.55%;22/02/2022;839,899339;847,833008;0,039338;0,037755;300000
POSI12 - POSITIVO TECNOLOGIA - 20250225 - DI + 4.55%;23/02/2022;840,385089;848,30022;0,039332;0,037759;300000
POSI12 - POSITIVO TECNOLOGIA - 20250225 - DI + 4.55%;24/02/2022;840,871106;848,908968;0,038837;0,037615;300000
POSI12 - POSITIVO TECNOLOGIA - 20250225 - DI + 4.55%;25/02/2022;687,499744;758,177443;0,038825;0,037457;300000
POSI12 - POSITIVO TECNOLOGIA - 20250225 - DI + 4.55%;02/03/2022;687,89735;758,628392;0,03878;0,037414;300000
POSI12 - POSITIVO TECNOLOGIA - 20250225 - DI + 4.55%;03/03/2022;688,295184;759,060008;0,038808;0,037387;300000
POSI12 - POSITIVO TECNOLOGIA - 20250225 - DI + 4.55%;04/03/2022;688,693247;759,505023;0,038806;0,037346;300000
POSI12 - POSITIVO TECNOLOGIA - 20250225 - DI + 4.55%;07/03/2022;689,091546;760,194308;0,039004;0,037067;300000
POSI12 - POSITIVO TECNOLOGIA - 20250225 - DI + 4.55%;08/03/2022;689,490068;760,393462;0,038779;0,037281;300000
POSI12 - POSITIVO TECNOLOGIA - 20250225 - DI + 4.55%;09/03/2022;689,888826;760,779805;0,038797;0,037322;300000
POSI12 - POSITIVO TECNOLOGIA - 20250225 - DI + 4.55%;10/03/2022;690,287814;761,14383;0,0388;0,037365;300000
POSI12 - POSITIVO TECNOLOGIA - 20250225 - DI + 4.55%;11/03/2022;690,68703;761,547268;0,038804;0,03737;300000
POSI12 - POSITIVO TECNOLOGIA - 20250225 - DI + 4.55%;14/03/2022;691,086477;761,89384;0,039008;0,03743;300000
POSI12 - POSITIVO TECNOLOGIA - 20250225 - DI + 4.55%;15/03/2022;691,486161;762,366777;0,038809;0,037387;300000
POSI12 - POSITIVO TECNOLOGIA - 20250225 - DI + 4.55%;16/03/2022;691,886066;762,704376;0,03901;0,037466;300000
POSI12 - POSITIVO TECNOLOGIA - 20250225 - DI + 4.55%;17/03/2022;692,286209;763,182635;0,038812;0,037417;300000
POSI12 - POSITIVO TECNOLOGIA - 20250225 - DI + 4.55%;18/03/2022;692,711314;763,635377;0,038779;0,037417;300000
POSI12 - POSITIVO TECNOLOGIA - 20250225 - DI + 4.55%;21/03/2022;693,13667;764,17236;0,038737;0,037321;300000
POSI12 - POSITIVO TECNOLOGIA - 20250225 - DI + 4.55%;22/03/2022;693,562294;764,643802;0,038684;0,037297;300000
POSI12 - POSITIVO TECNOLOGIA - 20250225 - DI + 4.55%;23/03/2022;693,988177;765,661415;0,038298;0,036717;300000
POSI12 - POSITIVO TECNOLOGIA - 20250225 - DI + 4.55%;24/03/2022;694,414319;765,996069;0,038362;0,036843;300000
POSI12 - POSITIVO TECNOLOGIA - 20250225 - DI + 4.55%;25/03/2022;694,840728;766,687274;0,037892;0,036604;300000
POSI12 - POSITIVO TECNOLOGIA - 20250225 - DI + 4.55%;28/03/2022;695,267392;767,200701;0,038041;0,036537;300000
POSI12 - POSITIVO TECNOLOGIA - 20250225 - DI + 4.55%;29/03/2022;695,694321;767,971937;0,03751;0,036208;300000
POSI12 - POSITIVO TECNOLOGIA - 20250225 - DI + 4.55%;30/03/2022;696,121517;768,395955;0,03782;0,03622;300000
POSI12 - POSITIVO TECNOLOGIA - 20250225 - DI + 4.55%;31/03/2022;696,548967;768,925226;0,037372;0,036139;300000
POSI12 - POSITIVO TECNOLOGIA - 20250225 - DI + 4.55%;01/04/2022;696,976685;769,448671;0,037547;0,03607;300000
POSI12 - POSITIVO TECNOLOGIA - 20250225 - DI + 4.55%;04/04/2022;697,404663;770,18796;0,037179;0,035769;300000
POSI12 - POSITIVO TECNOLOGIA - 20250225 - DI + 4.55%;05/04/2022;697,832907;770,749715;0,037245;0,035639;300000
POSI12 - POSITIVO TECNOLOGIA - 20250225 - DI + 4.55%;06/04/2022;698,261414;771,217297;0,037377;0,03561;300000
POSI12 - POSITIVO TECNOLOGIA - 20250225 - DI + 4.55%;07/04/2022;698,690181;771,5863;0,037375;0,035686;300000
POSI12 - POSITIVO TECNOLOGIA - 20250225 - DI + 4.55%;08/04/2022;699,119216;772,050046;0,037083;0,03565;300000
POSI12 - POSITIVO TECNOLOGIA - 20250225 - DI + 4.55%;11/04/2022;699,548505;772,558221;0,036807;0,035573;300000
POSI12 - POSITIVO TECNOLOGIA - 20250225 - DI + 4.55%;12/04/2022;699,978069;773,094314;0,037075;0,035477;300000
POSI12 - POSITIVO TECNOLOGIA - 20250225 - DI + 4.55%;13/04/2022;700,407888;773,552215;0,037068;0,035464;300000
POSI12 - POSITIVO TECNOLOGIA - 20250225 - DI + 4.55%;14/04/2022;700,837974;774,045589;0,03722;0,035409;300000
POSI12 - POSITIVO TECNOLOGIA - 20250225 - DI + 4.55%;18/04/2022;701,268328;774,651298;0,036198;0,035247;300000
POSI12 - POSITIVO TECNOLOGIA - 20250225 - DI + 4.55%;19/04/2022;701,698938;775,13528;0,037087;0,035207;300000
POSI12 - POSITIVO TECNOLOGIA - 20250225 - DI + 4.55%;20/04/2022;702,129822;775,748309;0,036595;0,035031;300000
POSI12 - POSITIVO TECNOLOGIA - 20250225 - DI + 4.55%;22/04/2022;702,560962;776,150281;0,036924;0,035076;300000
POSI12 - POSITIVO TECNOLOGIA - 20250225 - DI + 4.55%;25/04/2022;702,992371;776,607566;0,037156;0,035072;300000
POSI12 - POSITIVO TECNOLOGIA - 20250225 - DI + 4.55%;26/04/2022;703,424049;776,948206;0,036399;0,035176;300000
POSI12 - POSITIVO TECNOLOGIA - 20250225 - DI + 4.55%;27/04/2022;703,855981;777,449515;0,036411;0,035126;300000
POSI12 - POSITIVO TECNOLOGIA - 20250225 - DI + 4.55%;28/04/2022;704,28819;777,96766;0,036405;0,035047;300000
POSI12 - POSITIVO TECNOLOGIA - 20250225 - DI + 4.55%;29/04/2022;704,720653;778,364635;0,036433;0,0351;300000
POSI12 - POSITIVO TECNOLOGIA - 20250225 - DI + 4.55%;02/05/2022;705,153393;778,767104;0,036402;0,035142;300000
POSI12 - POSITIVO TECNOLOGIA - 20250225 - DI + 4.55%;03/05/2022;705,586389;779,253883;0,036407;0,035099;300000
POSI12 - POSITIVO TECNOLOGIA - 20250225 - DI + 4.55%;04/05/2022;706,019654;779,732566;0,0368;0,035072;300000
POSI12 - POSITIVO TECNOLOGIA - 20250225 - DI + 4.55%;05/05/2022;706,453189;780,24623;0,036399;0,034984;300000
POSI12 - POSITIVO TECNOLOGIA - 20250225 - DI + 4.55%;06/05/2022;706,912001;780,717408;0,03624;0,034979;300000
POSI12 - POSITIVO TECNOLOGIA - 20250225 - DI + 4.55%;09/05/2022;707,371112;781,265211;0,03624;0,034905;300000
POSI12 - POSITIVO TECNOLOGIA - 20250225 - DI + 4.55%;10/05/2022;707,830516;781,74838;0,036379;0,034902;300000
POSI12 - POSITIVO TECNOLOGIA - 20250225 - DI + 4.55%;11/05/2022;708,290227;782,266075;0,036232;0,034848;300000
POSI12 - POSITIVO TECNOLOGIA - 20250225 - DI + 4.55%;12/05/2022;708,750229;782,85082;0,036317;0,034722;300000
POSI12 - POSITIVO TECNOLOGIA - 20250225 - DI + 4.55%;13/05/2022;709,210533;783,379165;0,03601;0,034662;300000
POSI12 - POSITIVO TECNOLOGIA - 20250225 - DI + 4.55%;16/05/2022;709,671129;784,014206;0,035703;0,034494;300000
POSI12 - POSITIVO TECNOLOGIA - 20250225 - DI + 4.55%;17/05/2022;710,132033;784,582478;0,035486;0,034396;300000
POSI12 - POSITIVO TECNOLOGIA - 20250225 - DI + 4.55%;18/05/2022;710,593236;785,267038;0,035445;0,034167;300000
POSI12 - POSITIVO TECNOLOGIA - 20250225 - DI + 4.55%;19/05/2022;711,054734;785,834652;0,035422;0,034072;300000
POSI12 - POSITIVO TECNOLOGIA - 20250225 - DI + 4.55%;20/05/2022;711,516532;786,336796;0,035413;0,034048;300000
POSI12 - POSITIVO TECNOLOGIA - 20250225 - DI + 4.55%;23/05/2022;711,978637;786,803547;0,035604;0,03406;300000
POSI12 - POSITIVO TECNOLOGIA - 20250225 - DI + 4.55%;24/05/2022;712,441036;787,284629;0,035718;0,03404;300000
POSI12 - POSITIVO TECNOLOGIA - 20250225 - DI + 4.55%;25/05/2022;687,499744;697,436025;0,036145;0,034167;300000
POSI12 - POSITIVO TECNOLOGIA - 20250225 - DI + 4.55%;26/05/2022;687,946246;697,980141;0,035331;0,034041;300000
POSI12 - POSITIVO TECNOLOGIA - 20250225 - DI + 4.55%;27/05/2022;688,393036;698,404648;0,035583;0,034039;300000
POSI12 - POSITIVO TECNOLOGIA - 20250225 - DI + 4.55%;30/05/2022;688,84012;698,877652;0,035773;0,033971;300000
POSI12 - POSITIVO TECNOLOGIA - 20250225 - DI + 4.55%;31/05/2022;689,287491;699,259588;0,036139;0,034024;300000
POSI12 - POSITIVO TECNOLOGIA - 20250225 - DI + 4.55%;01/06/2022;689,735158;699,676769;0,035567;0,034026;300000
POSI12 - POSITIVO TECNOLOGIA - 20250225 - DI + 4.55%;02/06/2022;690,183112;700,059852;0,035772;0,034068;300000
POSI12 - POSITIVO TECNOLOGIA - 20250225 - DI + 4.55%;03/06/2022;690,631355;700,498523;0,036157;0,034053;300000
POSI12 - POSITIVO TECNOLOGIA - 20250225 - DI + 4.55%;06/06/2022;691,079886;700,906163;0,035774;0,03407;300000
POSI12 - POSITIVO TECNOLOGIA - 20250225 - DI + 4.55%;07/06/2022;691,528719;701,324162;0,035782;0,03407;300000
POSI12 - POSITIVO TECNOLOGIA - 20250225 - DI + 4.55%;08/06/2022;691,977834;701,747986;0,036147;0,034071;300000
POSI12 - POSITIVO TECNOLOGIA - 20250225 - DI + 4.55%;09/06/2022;692,427244;702,184985;0,035776;0,034071;300000
POSI12 - POSITIVO TECNOLOGIA - 20250225 - DI + 4.55%;10/06/2022;692,876949;702,626458;0,035776;0,034053;300000
POSI12 - POSITIVO TECNOLOGIA - 20250225 - DI + 4.55%;13/06/2022;693,326944;703,021286;0,035774;0,034071;300000
POSI12 - POSITIVO TECNOLOGIA - 20250225 - DI + 4.55%;14/06/2022;693,777228;703,445513;0,035586;0,034051;300000
POSI12 - POSITIVO TECNOLOGIA - 20250225 - DI + 4.55%;15/06/2022;694,227807;703,898411;0,035584;0,034034;300000
POSI12 - POSITIVO TECNOLOGIA - 20250225 - DI + 4.55%;17/06/2022;694,678676;704,349173;0,035582;0,034017;300000
POSI12 - POSITIVO TECNOLOGIA - 20250225 - DI + 4.55%;20/06/2022;695,14206;704,791363;0,03558;0,034014;300000
POSI12 - POSITIVO TECNOLOGIA - 20250225 - DI + 4.55%;21/06/2022;695,605744;705,205349;0,035771;0,034044;300000
POSI12 - POSITIVO TECNOLOGIA - 20250225 - DI + 4.55%;22/06/2022;696,069744;705,635934;0,035773;0,03406;300000
POSI12 - POSITIVO TECNOLOGIA - 20250225 - DI + 4.55%;23/06/2022;696,534051;706,069447;0,036146;0,034073;300000
POSI12 - POSITIVO TECNOLOGIA - 20250225 - DI + 4.55%;24/06/2022;696,998665;706,493974;0,035776;0,034076;300000
POSI12 - POSITIVO TECNOLOGIA - 20250225 - DI + 4.55%;27/06/2022;697,463595;706,93193;0,035776;0,034076;300000
POSI12 - POSITIVO TECNOLOGIA - 20250225 - DI + 4.55%;28/06/2022;697,928826;707,37255;0,035776;0,034061;300000
POSI12 - POSITIVO TECNOLOGIA - 20250225 - DI + 4.55%;29/06/2022;698,394372;707,796628;0,035775;0,034081;300000
POSI12 - POSITIVO TECNOLOGIA - 20250225 - DI + 4.55%;30/06/2022;698,860233;708,24268;0,035777;0,034085;300000
POSI12 - POSITIVO TECNOLOGIA - 20250225 - DI + 4.55%;01/07/2022;699,326403;708,700961;0,035777;0,034071;300000
POSI12 - POSITIVO TECNOLOGIA - 20250225 - DI + 4.55%;04/07/2022;699,792881;709,137855;0,035405;0,034071;300000
POSI12 - POSITIVO TECNOLOGIA - 20250225 - DI + 4.55%;05/07/2022;700,259669;709,590961;0,035405;0,034053;300000
POSI12 - POSITIVO TECNOLOGIA - 20250225 - DI + 4.55%;06/07/2022;700,726771;710,031281;0,035403;0,034053;300000
POSI12 - POSITIVO TECNOLOGIA - 20250225 - DI + 4.55%;07/07/2022;701,194184;710,491104;0,035403;0,034034;300000
POSI12 - POSITIVO TECNOLOGIA - 20250225 - DI + 4.55%;08/07/2022;701,661912;710,93728;0,036437;0,034023;300000
POSI12 - POSITIVO TECNOLOGIA - 20250225 - DI + 4.55%;11/07/2022;702,129949;711,305209;0,036228;0,0341;300000
POSI12 - POSITIVO TECNOLOGIA - 20250225 - DI + 4.55%;12/07/2022;702,598295;711,689089;0,036394;0,034183;300000
POSI12 - POSITIVO TECNOLOGIA - 20250225 - DI + 4.55%;13/07/2022;703,066959;712,048514;0,0364;0,034284;300000
POSI12 - POSITIVO TECNOLOGIA - 20250225 - DI + 4.55%;14/07/2022;703,535932;712,565756;0,035722;0,034188;300000
POSI12 - POSITIVO TECNOLOGIA - 20250225 - DI + 4.55%;15/07/2022;704,005221;713,079428;0,0356;0,034109;300000
POSI12 - POSITIVO TECNOLOGIA - 20250225 - DI + 4.55%;18/07/2022;704,474821;713,586211;0,035591;0,034022;300000
POSI12 - POSITIVO TECNOLOGIA - 20250225 - DI + 4.55%;19/07/2022;704,94473;714,012537;0,0357;0,034041;300000
POSI12 - POSITIVO TECNOLOGIA - 20250225 - DI + 4.55%;20/07/2022;705,414956;714,451652;0,035652;0,034056;300000
POSI12 - POSITIVO TECNOLOGIA - 20250225 - DI + 4.55%;21/07/2022;705,8855;714,881;0,035654;0,034071;300000
POSI12 - POSITIVO TECNOLOGIA - 20250225 - DI + 4.55%;22/07/2022;706,356354;715,319541;0,035655;0,03409;300000
POSI12 - POSITIVO TECNOLOGIA - 20250225 - DI + 4.55%;25/07/2022;706,827525;715,769196;0,035657;0,03409;300000
POSI12 - POSITIVO TECNOLOGIA - 20250225 - DI + 4.55%;26/07/2022;707,299008;716,213169;0,035407;0,03409;300000
POSI12 - POSITIVO TECNOLOGIA - 20250225 - DI + 4.55%;27/07/2022;707,7708;716,663674;0,035407;0,03409;300000
POSI12 - POSITIVO TECNOLOGIA - 20250225 - DI + 4.55%;28/07/2022;708,242911;717,118695;0,035598;0,03409;300000
POSI12 - POSITIVO TECNOLOGIA - 20250225 - DI + 4.55%;29/07/2022;708,715339;717,590296;0,035698;0,034067;300000
POSI12 - POSITIVO TECNOLOGIA - 20250225 - DI + 4.55%;01/08/2022;709,188086;718,056289;0,035605;0,034049;300000
POSI12 - POSITIVO TECNOLOGIA - 20250225 - DI + 4.55%;02/08/2022;709,661136;718,521549;0,035653;0,034023;300000
POSI12 - POSITIVO TECNOLOGIA - 20250225 - DI + 4.55%;03/08/2022;710,134513;718,968277;0,035896;0,034027;300000
POSI12 - POSITIVO TECNOLOGIA - 20250225 - DI + 4.55%;04/08/2022;710,6082;719,358689;0,036;0,034117;300000
POSI12 - POSITIVO TECNOLOGIA - 20250225 - DI + 4.55%;05/08/2022;711,094652;719,817323;0,035659;0,034118;300000
POSI12 - POSITIVO TECNOLOGIA - 20250225 - DI + 4.55%;08/08/2022;711,581434;720,288647;0,03566;0,034112;300000
POSI12 - POSITIVO TECNOLOGIA - 20250225 - DI + 4.55%;09/08/2022;712,068545;720,82192;0,035659;0,034017;300000
POSI12 - POSITIVO TECNOLOGIA - 20250225 - DI + 4.55%;10/08/2022;712,555995;721,285617;0,03565;0,034016;300000
POSI12 - POSITIVO TECNOLOGIA - 20250225 - DI + 4.55%;11/08/2022;713,043781;721,748342;0,03565;0,034014;300000
POSI12 - POSITIVO TECNOLOGIA - 20250225 - DI + 4.55%;12/08/2022;713,531898;722,217763;0,03568;0,034012;300000
POSI12 - POSITIVO TECNOLOGIA - 20250225 - DI + 4.55%;15/08/2022;714,020345;722,688982;0,035649;0,034003;300000
POSI12 - POSITIVO TECNOLOGIA - 20250225 - DI + 4.55%;16/08/2022;714,509131;723,160379;0,035678;0,033993;300000
POSI12 - POSITIVO TECNOLOGIA - 20250225 - DI + 4.55%;17/08/2022;714,998255;723,626315;0,035647;0,033983;300000
POSI12 - POSITIVO TECNOLOGIA - 20250225 - DI + 4.55%;18/08/2022;715,487709;724,084857;0,035647;0,033983;300000
POSI12 - POSITIVO TECNOLOGIA - 20250225 - DI + 4.55%;19/08/2022;715,977495;724,54371;0,035647;0,033982;300000
POSI12 - POSITIVO TECNOLOGIA - 20250225 - DI + 4.55%;22/08/2022;716,467626;725,007964;0,035646;0,033982;300000
POSI12 - POSITIVO TECNOLOGIA - 20250225 - DI + 4.55%;23/08/2022;716,958082;725,489159;0,035576;0,033965;300000
POSI12 - POSITIVO TECNOLOGIA - 20250225 - DI + 4.55%;24/08/2022;717,448876;725,952041;0,035645;0,033965;300000
POSI12 - POSITIVO TECNOLOGIA - 20250225 - DI + 4.55%;25/08/2022;624,99983;633,460549;0,035645;0,033982;300000
POSI12 - POSITIVO TECNOLOGIA - 20250225 - DI + 4.55%;26/08/2022;625,427676;633,870793;0,035646;0,033982;300000
POSI12 - POSITIVO TECNOLOGIA - 20250225 - DI + 4.55%;29/08/2022;625,855816;634,273156;0,035646;0,033982;300000
POSI12 - POSITIVO TECNOLOGIA - 20250225 - DI + 4.55%;30/08/2022;626,284245;634,665378;0,035646;0,034004;300000
POSI12 - POSITIVO TECNOLOGIA - 20250225 - DI + 4.55%;31/08/2022;626,712973;635,059225;0,035648;0,034027;300000
POSI12 - POSITIVO TECNOLOGIA - 20250225 - DI + 4.55%;01/09/2022;627,14199;635,465634;0,035581;0,034033;300000
POSI12 - POSITIVO TECNOLOGIA - 20250225 - DI + 4.55%;02/09/2022;627,571302;635,874048;0,035651;0,034033;300000
POSI12 - POSITIVO TECNOLOGIA - 20250225 - DI + 4.55%;05/09/2022;628,000909;636,297479;0,035651;0,034011;300000
POSI12 - POSITIVO TECNOLOGIA - 20250225 - DI + 4.55%;06/09/2022;628,43081;636,730903;0,035879;0,033962;300000
POSI12 - POSITIVO TECNOLOGIA - 20250225 - DI + 4.55%;08/09/2022;628,861006;637,140969;0,035644;0,033964;300000
POSI12 - POSITIVO TECNOLOGIA - 20250225 - DI + 4.55%;09/09/2022;629,291491;637,555211;0,035674;0,033963;300000
POSI12 - POSITIVO TECNOLOGIA - 20250225 - DI + 4.55%;12/09/2022;629,722278;637,91372;0,035645;0,034028;300000
POSI12 - POSITIVO TECNOLOGIA - 20250225 - DI + 4.55%;13/09/2022;630,153354;638,332939;0,035651;0,034005;300000
POSI12 - POSITIVO TECNOLOGIA - 20250225 - DI + 4.55%;14/09/2022;630,584732;638,725778;0,035649;0,034028;300000
POSI12 - POSITIVO TECNOLOGIA - 20250225 - DI + 4.55%;15/09/2022;631,016399;639,246298;0,035024;0,033867;300000
POSI12 - POSITIVO TECNOLOGIA - 20250225 - DI + 4.55%;16/09/2022;631,448362;639,916316;0,03513;0,033501;300000
POSI12 - POSITIVO TECNOLOGIA - 20250225 - DI + 4.55%;19/09/2022;631,880626;640,573509;0,034031;0,033156;300000
POSI12 - POSITIVO TECNOLOGIA - 20250225 - DI + 4.55%;20/09/2022;632,313181;641,25398;0,034197;0,032775;300000
POSI12 - POSITIVO TECNOLOGIA - 20250225 - DI + 4.55%;21/09/2022;632,746031;641,711691;0,035011;0,032714;300000
POSI12 - POSITIVO TECNOLOGIA - 20250225 - DI + 4.55%;22/09/2022;633,179184;642,115694;0,03398;0,032736;300000
POSI12 - POSITIVO TECNOLOGIA - 20250225 - DI + 4.55%;23/09/2022;633,612627;642,545248;0,033984;0,032703;300000
POSI12 - POSITIVO TECNOLOGIA - 20250225 - DI + 4.55%;26/09/2022;634,046366;642,965056;0,034152;0,032678;300000
POSI12 - POSITIVO TECNOLOGIA - 20250225 - DI + 4.55%;27/09/2022;634,480409;643,363901;0,034152;0,032703;300000
POSI12 - POSITIVO TECNOLOGIA - 20250225 - DI + 4.55%;28/09/2022;634,914741;643,74426;0,034152;0,032737;300000
POSI12 - POSITIVO TECNOLOGIA - 20250225 - DI + 4.55%;29/09/2022;635,349377;644,161616;0,034156;0,032727;300000
POSI12 - POSITIVO TECNOLOGIA - 20250225 - DI + 4.55%;30/09/2022;635,784303;644,591307;0,033982;0,032703;300000
POSI12 - POSITIVO TECNOLOGIA - 20250225 - DI + 4.55%;03/10/2022;636,219533;644,996045;0,034416;0,032714;300000
POSI12 - POSITIVO TECNOLOGIA - 20250225 - DI + 4.55%;04/10/2022;636,65506;645,392014;0,034417;0,032734;300000
POSI12 - POSITIVO TECNOLOGIA - 20250225 - DI + 4.55%;05/10/2022;637,090884;645,770592;0,034417;0,032779;300000
POSI12 - POSITIVO TECNOLOGIA - 20250225 - DI + 4.55%;06/10/2022;637,527006;646,115449;0,034184;0,032873;300000
POSI12 - POSITIVO TECNOLOGIA - 20250225 - DI + 4.55%;07/10/2022;637,963432;646,43568;0,034716;0,033003;300000
POSI12 - POSITIVO TECNOLOGIA - 20250225 - DI + 4.55%;10/10/2022;638,400148;646,798488;0,034457;0,033077;300000
POSI12 - POSITIVO TECNOLOGIA - 20250225 - DI + 4.55%;11/10/2022;638,837169;647,176334;0,034767;0,033122;300000
POSI12 - POSITIVO TECNOLOGIA - 20250225 - DI + 4.55%;13/10/2022;639,274488;647,581426;0,034771;0,033132;300000
POSI12 - POSITIVO TECNOLOGIA - 20250225 - DI + 4.55%;14/10/2022;639,712104;647,946253;0,034771;0,033198;300000
POSI12 - POSITIVO TECNOLOGIA - 20250225 - DI + 4.55%;17/10/2022;640,150025;648,360275;0,034777;0,0332;300000
POSI12 - POSITIVO TECNOLOGIA - 20250225 - DI + 4.55%;18/10/2022;640,588238;648,773313;0,034778;0,033201;300000
POSI12 - POSITIVO TECNOLOGIA - 20250225 - DI + 4.55%;19/10/2022;641,026756;649,184855;0,034778;0,033202;300000
POSI12 - POSITIVO TECNOLOGIA - 20250225 - DI + 4.55%;20/10/2022;641,465573;649,598331;0,034778;0,033202;300000
POSI12 - POSITIVO TECNOLOGIA - 20250225 - DI + 4.55%;21/10/2022;641,904693;650,00352;0,034824;0,033216;300000
POSI12 - POSITIVO TECNOLOGIA - 20250225 - DI + 4.55%;24/10/2022;642,344114;650,416317;0,034779;0,033216;300000
POSI12 - POSITIVO TECNOLOGIA - 20250225 - DI + 4.55%;25/10/2022;642,783832;650,86698;0,034297;0,033159;300000
POSI12 - POSITIVO TECNOLOGIA - 20250225 - DI + 4.55%;26/10/2022;643,22385;651,316696;0,0345;0,033103;300000
POSI12 - POSITIVO TECNOLOGIA - 20250225 - DI + 4.55%;27/10/2022;643,664173;651,76136;0,0345;0,03306;300000
POSI12 - POSITIVO TECNOLOGIA - 20250225 - DI + 4.55%;28/10/2022;644,104795;652,160517;0,034472;0,033084;300000
POSI12 - POSITIVO TECNOLOGIA - 20250225 - DI + 4.55%;31/10/2022;644,545717;652,579073;0,0345;0,033083;300000
POSI12 - POSITIVO TECNOLOGIA - 20250225 - DI + 4.55%;01/11/2022;644,986944;652,995017;0,0345;0,033082;300000
POSI12 - POSITIVO TECNOLOGIA - 20250225 - DI + 4.55%;03/11/2022;645,428471;653,2255;0,035231;0,033363;300000
POSI12 - POSITIVO TECNOLOGIA - 20250225 - DI + 4.55%;04/11/2022;645,870304;653,317225;0,035582;0,033866;300000
POSI12 - POSITIVO TECNOLOGIA - 20250225 - DI + 4.55%;07/11/2022;646,312437;653,370209;0,036184;0,034425;300000
POSI12 - POSITIVO TECNOLOGIA - 20250225 - DI + 4.55%;08/11/2022;646,754869;653,643952;0,036269;0,03465;300000
POSI12 - POSITIVO TECNOLOGIA - 20250225 - DI + 4.55%;09/11/2022;647,197609;654,025723;0,036249;0,03471;300000
POSI12 - POSITIVO TECNOLOGIA - 20250225 - DI + 4.55%;10/11/2022;647,640648;654,422209;0,036254;0,034716;300000
POSI12 - POSITIVO TECNOLOGIA - 20250225 - DI + 4.55%;11/11/2022;648,083994;654,803479;0,036255;0,034765;300000
POSI12 - POSITIVO TECNOLOGIA - 20250225 - DI + 4.55%;14/11/2022;648,527646;655,230041;0,036259;0,034767;300000
POSI12 - POSITIVO TECNOLOGIA - 20250225 - DI + 4.55%;16/11/2022;648,971594;655,672405;0,036259;0,034719;300000
POSI12 - POSITIVO TECNOLOGIA - 20250225 - DI + 4.55%;17/11/2022;649,415854;656,120365;0,036255;0,034671;300000
POSI12 - POSITIVO TECNOLOGIA - 20250225 - DI + 4.55%;18/11/2022;649,860415;656,553485;0,036394;0,034646;300000
POSI12 - POSITIVO TECNOLOGIA - 20250225 - DI + 4.55%;21/11/2022;650,305276;656,973948;0,036392;0,034654;300000
POSI12 - POSITIVO TECNOLOGIA - 20250225 - DI + 4.55%;22/11/2022;650,750446;657,428306;0,03615;0,034597;300000
POSI12 - POSITIVO TECNOLOGIA - 20250225 - DI + 4.55%;23/11/2022;651,195917;657,844996;0,036388;0,034595;300000
POSI12 - POSITIVO TECNOLOGIA - 20250225 - DI + 4.55%;24/11/2022;651,641695;658,319127;0,036286;0,034526;300000
POSI12 - POSITIVO TECNOLOGIA - 20250225 - DI + 4.55%;25/11/2022;562,499847;569,287073;0,036156;0,034302;300000
POSI12 - POSITIVO TECNOLOGIA - 20250225 - DI + 4.55%;28/11/2022;562,884909;569,627598;0,036;0,034351;300000
POSI12 - POSITIVO TECNOLOGIA - 20250225 - DI + 4.55%;29/11/2022;563,270235;569,98816;0,035967;0,034378;300000
POSI12 - POSITIVO TECNOLOGIA - 20250225 - DI + 4.55%;30/11/2022;563,65582;570,348717;0,036;0,034391;300000
POSI12 - POSITIVO TECNOLOGIA - 20250225 - DI + 4.55%;01/12/2022;564,041676;570,725261;0,036;0,034371;300000
POSI12 - POSITIVO TECNOLOGIA - 20250225 - DI + 4.55%;02/12/2022;564,427791;571,117519;0,035974;0,034336;300000
POSI12 - POSITIVO TECNOLOGIA - 20250225 - DI + 4.55%;05/12/2022;564,814172;571,479805;0,036;0,034335;300000
POSI12 - POSITIVO TECNOLOGIA - 20250225 - DI + 4.55%;06/12/2022;565,200818;571,846268;0,035975;0,034334;300000
POSI12 - POSITIVO TECNOLOGIA - 20250225 - DI + 4.55%;07/12/2022;565,587729;572,21784;0,035971;0,034334;300000
POSI12 - POSITIVO TECNOLOGIA - 20250225 - DI + 4.55%;08/12/2022;565,974905;572,584828;0,035975;0,034335;300000
POSI12 - POSITIVO TECNOLOGIA - 20250225 - DI + 4.55%;09/12/2022;566,362342;572,946248;0,035804;0,034347;300000
POSI12 - POSITIVO TECNOLOGIA - 20250225 - DI + 4.55%;12/12/2022;566,75005;573,299389;0,035991;0,034361;300000
POSI12 - POSITIVO TECNOLOGIA - 20250225 - DI + 4.55%;13/12/2022;567,138018;573,666423;0,036;0,034357;300000
POSI12 - POSITIVO TECNOLOGIA - 20250225 - DI + 4.55%;14/12/2022;567,526259;574,117883;0,035288;0,034214;300000
POSI12 - POSITIVO TECNOLOGIA - 20250225 - DI + 4.55%;15/12/2022;567,914759;574,460166;0,036018;0,034268;300000
POSI12 - POSITIVO TECNOLOGIA - 20250225 - DI + 4.55%;16/12/2022;568,303525;574,80841;0,036;0,034299;300000
POSI12 - POSITIVO TECNOLOGIA - 20250225 - DI + 4.55%;19/12/2022;568,692563;575,062187;0,036;0,034496;300000
POSI12 - POSITIVO TECNOLOGIA - 20250225 - DI + 4.55%;20/12/2022;569,081863;575,472164;0,035984;0,034436;300000
POSI12 - POSITIVO TECNOLOGIA - 20250225 - DI + 4.55%;21/12/2022;569,471427;574,148558;0,035971;0,03442;300000
POSI12 - POSITIVO TECNOLOGIA - 20250225 - DI + 4.55%;22/12/2022;569,861266;574,517854;0,035968;0,034358;300000
POSI12 - POSITIVO TECNOLOGIA - 20250225 - DI + 4.55%;23/12/2022;570,251364;574,885308;0,035536;0,034568;300000
POSI12 - POSITIVO TECNOLOGIA - 20250225 - DI + 4.55%;26/12/2022;570,64173;575,254935;0,036049;0,034549;300000
POSI12 - POSITIVO TECNOLOGIA - 20250225 - DI + 4.55%;27/12/2022;571,032368;575,624608;0,036093;0,034581;300000
POSI12 - POSITIVO TECNOLOGIA - 20250225 - DI + 4.55%;28/12/2022;562,499847;;;;
POSI12 - POSITIVO TECNOLOGIA - 20250225 - DI + 4.55%;29/12/2022;562,884909;;;;
POSI12 - POSITIVO TECNOLOGIA - 20250225 - DI + 4.55%;30/12/2022;563,270235;;;;
POSI12 - POSITIVO TECNOLOGIA - 20250225 - DI + 4.55%;02/01/2023;563,65582;;;;
POSI12 - POSITIVO TECNOLOGIA - 20250225 - DI + 4.55%;03/01/2023;564,041676;;;;
POSI13 - POSITIVO TECNOLOGIA - 20260207 - DI + 3.75%;10/02/2022;1000;;;;
POSI13 - POSITIVO TECNOLOGIA - 20260207 - DI + 3.75%;11/02/2022;1000;;;;
POSI13 - POSITIVO TECNOLOGIA - 20260207 - DI + 3.75%;14/02/2022;1000,547837;;;;350000
POSI13 - POSITIVO TECNOLOGIA - 20260207 - DI + 3.75%;15/02/2022;1001,095972;;;;350000
POSI13 - POSITIVO TECNOLOGIA - 20260207 - DI + 3.75%;16/02/2022;1001,644406;;;;350000
POSI13 - POSITIVO TECNOLOGIA - 20260207 - DI + 3.75%;17/02/2022;1002,19315;;;;350000
POSI13 - POSITIVO TECNOLOGIA - 20260207 - DI + 3.75%;18/02/2022;1002,742182;;;;350000
POSI13 - POSITIVO TECNOLOGIA - 20260207 - DI + 3.75%;21/02/2022;1003,291523;;;;350000
POSI13 - POSITIVO TECNOLOGIA - 20260207 - DI + 3.75%;22/02/2022;1003,841163;;;;350000
POSI13 - POSITIVO TECNOLOGIA - 20260207 - DI + 3.75%;23/02/2022;1004,391104;;;;350000
POSI13 - POSITIVO TECNOLOGIA - 20260207 - DI + 3.75%;24/02/2022;1004,941343;;;;350000
POSI13 - POSITIVO TECNOLOGIA - 20260207 - DI + 3.75%;25/02/2022;1005,491893;;;;350000
POSI13 - POSITIVO TECNOLOGIA - 20260207 - DI + 3.75%;02/03/2022;1006,042731;;;;350000
POSI13 - POSITIVO TECNOLOGIA - 20260207 - DI + 3.75%;03/03/2022;1006,59388;;;;350000
POSI13 - POSITIVO TECNOLOGIA - 20260207 - DI + 3.75%;04/03/2022;1007,145328;;;;350000
POSI13 - POSITIVO TECNOLOGIA - 20260207 - DI + 3.75%;07/03/2022;1007,697087;;;;350000
POSI13 - POSITIVO TECNOLOGIA - 20260207 - DI + 3.75%;08/03/2022;1008,249136;;;;350000
POSI13 - POSITIVO TECNOLOGIA - 20260207 - DI + 3.75%;09/03/2022;1008,801494;;;;350000
POSI13 - POSITIVO TECNOLOGIA - 20260207 - DI + 3.75%;10/03/2022;1009,354153;;;;350000
POSI13 - POSITIVO TECNOLOGIA - 20260207 - DI + 3.75%;11/03/2022;1009,907113;;;;350000
POSI13 - POSITIVO TECNOLOGIA - 20260207 - DI + 3.75%;14/03/2022;1010,460372;;;;350000
POSI13 - POSITIVO TECNOLOGIA - 20260207 - DI + 3.75%;15/03/2022;1011,013942;;;;350000
POSI13 - POSITIVO TECNOLOGIA - 20260207 - DI + 3.75%;16/03/2022;1011,567814;;;;350000
POSI13 - POSITIVO TECNOLOGIA - 20260207 - DI + 3.75%;17/03/2022;1012,121985;;;;350000
POSI13 - POSITIVO TECNOLOGIA - 20260207 - DI + 3.75%;18/03/2022;1012,71261;;;;350000
POSI13 - POSITIVO TECNOLOGIA - 20260207 - DI + 3.75%;21/03/2022;1013,303585;;;;350000
POSI13 - POSITIVO TECNOLOGIA - 20260207 - DI + 3.75%;22/03/2022;1013,894893;;;;350000
POSI13 - POSITIVO TECNOLOGIA - 20260207 - DI + 3.75%;23/03/2022;1014,486563;;;;350000
POSI13 - POSITIVO TECNOLOGIA - 20260207 - DI + 3.75%;24/03/2022;1015,078563;;;;350000
POSI13 - POSITIVO TECNOLOGIA - 20260207 - DI + 3.75%;25/03/2022;1015,670917;;;;350000
POSI13 - POSITIVO TECNOLOGIA - 20260207 - DI + 3.75%;28/03/2022;1016,263612;;;;350000
POSI13 - POSITIVO TECNOLOGIA - 20260207 - DI + 3.75%;29/03/2022;1016,85665;;;;350000
POSI13 - POSITIVO TECNOLOGIA - 20260207 - DI + 3.75%;30/03/2022;1017,450041;;;;350000
POSI13 - POSITIVO TECNOLOGIA - 20260207 - DI + 3.75%;31/03/2022;1018,043774;;;;350000
POSI13 - POSITIVO TECNOLOGIA - 20260207 - DI + 3.75%;01/04/2022;1018,63786;;;;350000
POSI13 - POSITIVO TECNOLOGIA - 20260207 - DI + 3.75%;04/04/2022;1019,232288;;;;350000
POSI13 - POSITIVO TECNOLOGIA - 20260207 - DI + 3.75%;05/04/2022;1019,827061;;;;350000
POSI13 - POSITIVO TECNOLOGIA - 20260207 - DI + 3.75%;06/04/2022;1020,422185;;;;350000
POSI13 - POSITIVO TECNOLOGIA - 20260207 - DI + 3.75%;07/04/2022;1021,017653;;;;350000
POSI13 - POSITIVO TECNOLOGIA - 20260207 - DI + 3.75%;08/04/2022;1021,613464;;;;350000
POSI13 - POSITIVO TECNOLOGIA - 20260207 - DI + 3.75%;11/04/2022;1022,209629;;;;350000
POSI13 - POSITIVO TECNOLOGIA - 20260207 - DI + 3.75%;12/04/2022;1022,806146;;;;350000
POSI13 - POSITIVO TECNOLOGIA - 20260207 - DI + 3.75%;13/04/2022;1023,403008;;;;350000
POSI13 - POSITIVO TECNOLOGIA - 20260207 - DI + 3.75%;14/04/2022;1024,000214;;;;350000
POSI13 - POSITIVO TECNOLOGIA - 20260207 - DI + 3.75%;18/04/2022;1024,597773;;;;350000
POSI13 - POSITIVO TECNOLOGIA - 20260207 - DI + 3.75%;19/04/2022;1025,195676;;;;350000
POSI13 - POSITIVO TECNOLOGIA - 20260207 - DI + 3.75%;20/04/2022;1025,793934;;;;350000
POSI13 - POSITIVO TECNOLOGIA - 20260207 - DI + 3.75%;22/04/2022;1026,392536;;;;350000
POSI13 - POSITIVO TECNOLOGIA - 20260207 - DI + 3.75%;25/04/2022;1026,991492;;;;350000
POSI13 - POSITIVO TECNOLOGIA - 20260207 - DI + 3.75%;26/04/2022;1027,590792;;;;350000
POSI13 - POSITIVO TECNOLOGIA - 20260207 - DI + 3.75%;27/04/2022;1028,190447;;;;350000
POSI13 - POSITIVO TECNOLOGIA - 20260207 - DI + 3.75%;28/04/2022;1028,790447;;;;350000
POSI13 - POSITIVO TECNOLOGIA - 20260207 - DI + 3.75%;29/04/2022;1029,390801;;;;350000
POSI13 - POSITIVO TECNOLOGIA - 20260207 - DI + 3.75%;02/05/2022;1029,991502;;;;350000
POSI13 - POSITIVO TECNOLOGIA - 20260207 - DI + 3.75%;03/05/2022;1030,592556;;;;350000
POSI13 - POSITIVO TECNOLOGIA - 20260207 - DI + 3.75%;04/05/2022;1031,193956;;;;350000
POSI13 - POSITIVO TECNOLOGIA - 20260207 - DI + 3.75%;05/05/2022;1031,795711;;;;350000
POSI13 - POSITIVO TECNOLOGIA - 20260207 - DI + 3.75%;06/05/2022;1032,43435;;;;350000
POSI13 - POSITIVO TECNOLOGIA - 20260207 - DI + 3.75%;09/05/2022;1033,073385;;;;350000
POSI13 - POSITIVO TECNOLOGIA - 20260207 - DI + 3.75%;10/05/2022;1033,712816;;;;350000
POSI13 - POSITIVO TECNOLOGIA - 20260207 - DI + 3.75%;11/05/2022;1034,352634;;;;350000
POSI13 - POSITIVO TECNOLOGIA - 20260207 - DI + 3.75%;12/05/2022;1034,992859;;;;350000
POSI13 - POSITIVO TECNOLOGIA - 20260207 - DI + 3.75%;13/05/2022;1035,633471;;;;350000
POSI13 - POSITIVO TECNOLOGIA - 20260207 - DI + 3.75%;16/05/2022;1036,27448;;;;350000
POSI13 - POSITIVO TECNOLOGIA - 20260207 - DI + 3.75%;17/05/2022;1036,915897;;;;350000
POSI13 - POSITIVO TECNOLOGIA - 20260207 - DI + 3.75%;18/05/2022;1037,557701;;;;350000
POSI13 - POSITIVO TECNOLOGIA - 20260207 - DI + 3.75%;19/05/2022;1038,199902;;;;350000
POSI13 - POSITIVO TECNOLOGIA - 20260207 - DI + 3.75%;20/05/2022;1038,842502;;;;350000
POSI13 - POSITIVO TECNOLOGIA - 20260207 - DI + 3.75%;23/05/2022;1039,485499;;;;350000
POSI13 - POSITIVO TECNOLOGIA - 20260207 - DI + 3.75%;24/05/2022;1040,128894;;;;350000
POSI13 - POSITIVO TECNOLOGIA - 20260207 - DI + 3.75%;25/05/2022;1040,772698;1045,503811;0,036723;0,0349;350000
POSI13 - POSITIVO TECNOLOGIA - 20260207 - DI + 3.75%;26/05/2022;1041,41689;1046,15427;0,0365;0,034896;350000
POSI13 - POSITIVO TECNOLOGIA - 20260207 - DI + 3.75%;27/05/2022;1042,06148;1046,788956;0,0365;0,034897;350000
POSI13 - POSITIVO TECNOLOGIA - 20260207 - DI + 3.75%;30/05/2022;1042,706468;1047,36268;0,036578;0,034928;350000
POSI13 - POSITIVO TECNOLOGIA - 20260207 - DI + 3.75%;31/05/2022;1043,351866;1048,06067;0,036582;0,034897;350000
POSI13 - POSITIVO TECNOLOGIA - 20260207 - DI + 3.75%;01/06/2022;1043,997652;1049,1182;0,0365;0,034664;350000
POSI13 - POSITIVO TECNOLOGIA - 20260207 - DI + 3.75%;02/06/2022;1044,643837;1049,581284;0,036551;0,034759;350000
POSI13 - POSITIVO TECNOLOGIA - 20260207 - DI + 3.75%;03/06/2022;1045,290431;1050,087068;0,036625;0,034833;350000
POSI13 - POSITIVO TECNOLOGIA - 20260207 - DI + 3.75%;06/06/2022;1045,937414;1050,60057;0,036671;0,034902;350000
POSI13 - POSITIVO TECNOLOGIA - 20260207 - DI + 3.75%;07/06/2022;1046,584808;1051,244349;0,036406;0,034897;350000
POSI13 - POSITIVO TECNOLOGIA - 20260207 - DI + 3.75%;08/06/2022;1047,2326;1051,943422;0,036442;0,034864;350000
POSI13 - POSITIVO TECNOLOGIA - 20260207 - DI + 3.75%;09/06/2022;1047,880792;1052,796005;0,036162;0,03475;350000
POSI13 - POSITIVO TECNOLOGIA - 20260207 - DI + 3.75%;10/06/2022;1048,529384;1053,596128;0,036224;0,034661;350000
POSI13 - POSITIVO TECNOLOGIA - 20260207 - DI + 3.75%;13/06/2022;1049,178376;1054,421264;0,036111;0,034552;350000
POSI13 - POSITIVO TECNOLOGIA - 20260207 - DI + 3.75%;14/06/2022;1049,827778;1055,156806;0,035553;0,034491;350000
POSI13 - POSITIVO TECNOLOGIA - 20260207 - DI + 3.75%;15/06/2022;1050,47757;1055,923904;0,035544;0,034426;350000
POSI13 - POSITIVO TECNOLOGIA - 20260207 - DI + 3.75%;17/06/2022;1051,127772;1056,810251;0,035566;0,034293;350000
POSI13 - POSITIVO TECNOLOGIA - 20260207 - DI + 3.75%;20/06/2022;1051,796856;1057,485155;0,036093;0,034285;350000
POSI13 - POSITIVO TECNOLOGIA - 20260207 - DI + 3.75%;21/06/2022;1052,466366;1058,966632;0,035759;0,033823;350000
POSI13 - POSITIVO TECNOLOGIA - 20260207 - DI + 3.75%;22/06/2022;1053,136302;1059,117732;0,035649;0,034112;350000
POSI13 - POSITIVO TECNOLOGIA - 20260207 - DI + 3.75%;23/06/2022;1053,806665;1060,30912;0,035602;0,033815;350000
POSI13 - POSITIVO TECNOLOGIA - 20260207 - DI + 3.75%;24/06/2022;1054,477455;1065,518942;0,033065;0,031246;350000
POSI13 - POSITIVO TECNOLOGIA - 20260207 - DI + 3.75%;27/06/2022;1055,148672;1066,701895;0,034934;0,030946;350000
POSI13 - POSITIVO TECNOLOGIA - 20260207 - DI + 3.75%;28/06/2022;1055,820315;1068,053641;0,034732;0,030539;350000
POSI13 - POSITIVO TECNOLOGIA - 20260207 - DI + 3.75%;29/06/2022;1056,492385;1063,754422;0,034555;0,033342;350000
POSI13 - POSITIVO TECNOLOGIA - 20260207 - DI + 3.75%;30/06/2022;1057,164894;1064,556764;0,034789;0,033266;350000
POSI13 - POSITIVO TECNOLOGIA - 20260207 - DI + 3.75%;01/07/2022;1057,83782;1065,210709;0,034712;0,033273;350000
POSI13 - POSITIVO TECNOLOGIA - 20260207 - DI + 3.75%;04/07/2022;1058,511172;1065,94419;0,034164;0,033228;350000
POSI13 - POSITIVO TECNOLOGIA - 20260207 - DI + 3.75%;05/07/2022;1059,184952;1066,796057;0,03412;0,033116;350000
POSI13 - POSITIVO TECNOLOGIA - 20260207 - DI + 3.75%;06/07/2022;1059,859171;1067,620609;0,033943;0,033021;350000
POSI13 - POSITIVO TECNOLOGIA - 20260207 - DI + 3.75%;07/07/2022;1060,533808;1068,291653;0,033933;0,033017;350000
POSI13 - POSITIVO TECNOLOGIA - 20260207 - DI + 3.75%;08/07/2022;1061,208883;1069,124966;0,035136;0,032914;350000
POSI13 - POSITIVO TECNOLOGIA - 20260207 - DI + 3.75%;11/07/2022;1061,884387;1069,621467;0,033377;0,033001;350000
POSI13 - POSITIVO TECNOLOGIA - 20260207 - DI + 3.75%;12/07/2022;1062,560318;1070,499719;0,034116;0,032882;350000
POSI13 - POSITIVO TECNOLOGIA - 20260207 - DI + 3.75%;13/07/2022;1063,236678;1071,652453;0,034092;0,032597;350000
POSI13 - POSITIVO TECNOLOGIA - 20260207 - DI + 3.75%;14/07/2022;1063,913468;1071,978217;0,035142;0,032788;350000
POSI13 - POSITIVO TECNOLOGIA - 20260207 - DI + 3.75%;15/07/2022;1064,590696;1072,363017;0,033593;0,032953;350000
POSI13 - POSITIVO TECNOLOGIA - 20260207 - DI + 3.75%;18/07/2022;1065,268343;1072,542771;0,034015;0,033229;350000
POSI13 - POSITIVO TECNOLOGIA - 20260207 - DI + 3.75%;19/07/2022;1065,94643;1073,349223;0,034746;0,033144;350000
POSI13 - POSITIVO TECNOLOGIA - 20260207 - DI + 3.75%;20/07/2022;1066,624946;1073,878905;0,034195;0,033227;350000
POSI13 - POSITIVO TECNOLOGIA - 20260207 - DI + 3.75%;21/07/2022;1067,303901;1074,611145;0,034203;0,033185;350000
POSI13 - POSITIVO TECNOLOGIA - 20260207 - DI + 3.75%;22/07/2022;1067,983276;1075,426577;0,034033;0,033103;350000
POSI13 - POSITIVO TECNOLOGIA - 20260207 - DI + 3.75%;25/07/2022;1068,663092;1076,307145;0,034025;0,03298;350000
POSI13 - POSITIVO TECNOLOGIA - 20260207 - DI + 3.75%;26/07/2022;1069,343337;1077,004079;0,034096;0,032961;350000
POSI13 - POSITIVO TECNOLOGIA - 20260207 - DI + 3.75%;27/07/2022;1070,024022;1077,574415;0,034094;0,033021;350000
POSI13 - POSITIVO TECNOLOGIA - 20260207 - DI + 3.75%;28/07/2022;1070,705128;1078,248972;0,034182;0,033023;350000
POSI13 - POSITIVO TECNOLOGIA - 20260207 - DI + 3.75%;29/07/2022;1071,386674;1079,147;0,03435;0,032892;350000
POSI13 - POSITIVO TECNOLOGIA - 20260207 - DI + 3.75%;01/08/2022;1072,06866;1080,132566;0,033092;0,032708;350000
POSI13 - POSITIVO TECNOLOGIA - 20260207 - DI + 3.75%;02/08/2022;1072,751068;1080,827717;0,034183;0,032689;350000
POSI13 - POSITIVO TECNOLOGIA - 20260207 - DI + 3.75%;03/08/2022;1073,433916;1081,517454;0,034814;0,032679;350000
POSI13 - POSITIVO TECNOLOGIA - 20260207 - DI + 3.75%;04/08/2022;1074,117205;1081,405513;;0,033152;350000
POSI13 - POSITIVO TECNOLOGIA - 20260207 - DI + 3.75%;05/08/2022;1074,819733;1082,69051;0,034113;0,032798;350000
POSI13 - POSITIVO TECNOLOGIA - 20260207 - DI + 3.75%;08/08/2022;1000;1007,936601;0,033994;0,032756;350000
POSI13 - POSITIVO TECNOLOGIA - 20260207 - DI + 3.75%;09/08/2022;1000,654052;1008,578572;0,033989;0,032754;350000
POSI13 - POSITIVO TECNOLOGIA - 20260207 - DI + 3.75%;10/08/2022;1001,308534;1009,708796;0,033541;0,032464;350000
POSI13 - POSITIVO TECNOLOGIA - 20260207 - DI + 3.75%;11/08/2022;1001,963436;1010,494786;0,033505;0,032376;350000
POSI13 - POSITIVO TECNOLOGIA - 20260207 - DI + 3.75%;12/08/2022;1002,618778;1011,756481;0,032918;0,032011;350000
POSI13 - POSITIVO TECNOLOGIA - 20260207 - DI + 3.75%;15/08/2022;1003,27454;1012,792341;0,033182;0,031778;350000
POSI13 - POSITIVO TECNOLOGIA - 20260207 - DI + 3.75%;16/08/2022;1003,930733;1013,770879;0,032632;0,031576;350000
POSI13 - POSITIVO TECNOLOGIA - 20260207 - DI + 3.75%;17/08/2022;1004,587356;1014,525535;0,032508;0,031502;350000
POSI13 - POSITIVO TECNOLOGIA - 20260207 - DI + 3.75%;18/08/2022;1005,244411;1015,370813;0,032499;0,031374;350000
POSI13 - POSITIVO TECNOLOGIA - 20260207 - DI + 3.75%;19/08/2022;1005,901895;1016,187117;0,032484;0,031262;350000
POSI13 - POSITIVO TECNOLOGIA - 20260207 - DI + 3.75%;22/08/2022;1006,559802;1016,781787;0,032471;0,03129;350000
POSI13 - POSITIVO TECNOLOGIA - 20260207 - DI + 3.75%;23/08/2022;1007,218149;1017,453956;0,032922;0,031277;350000
POSI13 - POSITIVO TECNOLOGIA - 20260207 - DI + 3.75%;24/08/2022;1007,876917;1017,69324;0,033;0,031517;350000
POSI13 - POSITIVO TECNOLOGIA - 20260207 - DI + 3.75%;25/08/2022;1008,536127;1018,145876;0,033;0,031627;350000
POSI13 - POSITIVO TECNOLOGIA - 20260207 - DI + 3.75%;26/08/2022;1009,195759;1018,714037;0,033;0,031677;350000
POSI13 - POSITIVO TECNOLOGIA - 20260207 - DI + 3.75%;29/08/2022;1009,855823;1019,319691;0,033;0,031696;350000
POSI13 - POSITIVO TECNOLOGIA - 20260207 - DI + 3.75%;30/08/2022;1010,516328;1020,438449;0,033;0,031409;350000
POSI13 - POSITIVO TECNOLOGIA - 20260207 - DI + 3.75%;31/08/2022;1011,177255;1020,915139;0,033;0,031515;350000
POSI13 - POSITIVO TECNOLOGIA - 20260207 - DI + 3.75%;01/09/2022;1011,838615;1021,528137;0,032949;0,03154;350000
POSI13 - POSITIVO TECNOLOGIA - 20260207 - DI + 3.75%;02/09/2022;1012,500416;1022,344292;0,032251;0,031437;350000
POSI13 - POSITIVO TECNOLOGIA - 20260207 - DI + 3.75%;05/09/2022;1013,162641;1023,297705;0,032;0,031248;350000
POSI13 - POSITIVO TECNOLOGIA - 20260207 - DI + 3.75%;06/09/2022;1013,825299;1024,332864;0,032;0,030998;350000
POSI13 - POSITIVO TECNOLOGIA - 20260207 - DI + 3.75%;08/09/2022;1014,488398;1025,08685;0,032;0,030937;350000
POSI13 - POSITIVO TECNOLOGIA - 20260207 - DI + 3.75%;09/09/2022;1015,151922;1025,785319;0,032;0,03091;350000
POSI13 - POSITIVO TECNOLOGIA - 20260207 - DI + 3.75%;12/09/2022;1015,815888;1026,478869;0,032;0,030877;350000
POSI13 - POSITIVO TECNOLOGIA - 20260207 - DI + 3.75%;13/09/2022;1016,480278;1027,155574;0,032;0,03085;350000
POSI13 - POSITIVO TECNOLOGIA - 20260207 - DI + 3.75%;14/09/2022;1017,145111;1028,361472;0,031813;0,030504;350000
POSI13 - POSITIVO TECNOLOGIA - 20260207 - DI + 3.75%;15/09/2022;1017,810377;1029,263477;0,031705;0,030339;350000
POSI13 - POSITIVO TECNOLOGIA - 20260207 - DI + 3.75%;16/09/2022;1018,476078;1029,774891;0,03164;0,030421;350000
POSI13 - POSITIVO TECNOLOGIA - 20260207 - DI + 3.75%;19/09/2022;1019,142212;1030,689787;0,031333;0,030256;350000
POSI13 - POSITIVO TECNOLOGIA - 20260207 - DI + 3.75%;20/09/2022;1019,80879;1032,390409;0,03101;0,029602;350000
POSI13 - POSITIVO TECNOLOGIA - 20260207 - DI + 3.75%;21/09/2022;1020,475793;1032,723769;0,030945;0,029804;350000
POSI13 - POSITIVO TECNOLOGIA - 20260207 - DI + 3.75%;22/09/2022;1021,14324;1033,603106;0,031;0,029672;350000
POSI13 - POSITIVO TECNOLOGIA - 20260207 - DI + 3.75%;23/09/2022;1021,811121;1034,172028;0,031;0,029715;350000
POSI13 - POSITIVO TECNOLOGIA - 20260207 - DI + 3.75%;26/09/2022;1022,479437;1035,325145;0,030956;0,029389;350000
POSI13 - POSITIVO TECNOLOGIA - 20260207 - DI + 3.75%;27/09/2022;1023,148199;1036,226292;0,030947;0,02924;350000
POSI13 - POSITIVO TECNOLOGIA - 20260207 - DI + 3.75%;28/09/2022;1023,817384;1036,463384;0,030892;0,029488;350000
POSI13 - POSITIVO TECNOLOGIA - 20260207 - DI + 3.75%;29/09/2022;1024,487015;1037,077291;0,030934;0,029509;350000
POSI13 - POSITIVO TECNOLOGIA - 20260207 - DI + 3.75%;30/09/2022;1025,157081;1038,195044;0,030802;0,029219;350000
POSI13 - POSITIVO TECNOLOGIA - 20260207 - DI + 3.75%;03/10/2022;1025,827593;1038,509766;0,030889;0,029432;350000
POSI13 - POSITIVO TECNOLOGIA - 20260207 - DI + 3.75%;04/10/2022;1026,49854;1039,869048;0,030914;0,028984;350000
POSI13 - POSITIVO TECNOLOGIA - 20260207 - DI + 3.75%;05/10/2022;1027,169923;1039,918762;0,030724;0,029358;350000
POSI13 - POSITIVO TECNOLOGIA - 20260207 - DI + 3.75%;06/10/2022;1027,841742;1040,452973;0,030614;0,029428;350000
POSI13 - POSITIVO TECNOLOGIA - 20260207 - DI + 3.75%;07/10/2022;1028,514007;1041,310482;0,030724;0,029294;350000
POSI13 - POSITIVO TECNOLOGIA - 20260207 - DI + 3.75%;10/10/2022;1029,186707;1042,020526;0,030598;0,029258;350000
POSI13 - POSITIVO TECNOLOGIA - 20260207 - DI + 3.75%;11/10/2022;1029,859845;1042,65931;0,030661;0,029258;350000
POSI13 - POSITIVO TECNOLOGIA - 20260207 - DI + 3.75%;13/10/2022;1030,533429;1043,321173;0,03071;0,029248;350000
POSI13 - POSITIVO TECNOLOGIA - 20260207 - DI + 3.75%;14/10/2022;1031,20745;1043,949046;0,03071;0,029257;350000
POSI13 - POSITIVO TECNOLOGIA - 20260207 - DI + 3.75%;17/10/2022;1031,881917;1044,670907;0,03071;0,029216;350000
POSI13 - POSITIVO TECNOLOGIA - 20260207 - DI + 3.75%;18/10/2022;1032,556821;1045,388068;0,030706;0,029174;350000
POSI13 - POSITIVO TECNOLOGIA - 20260207 - DI + 3.75%;19/10/2022;1033,232163;1046,097621;0,030703;0,029133;350000
POSI13 - POSITIVO TECNOLOGIA - 20260207 - DI + 3.75%;20/10/2022;1033,907951;1046,662603;0,030316;0,029187;350000
POSI13 - POSITIVO TECNOLOGIA - 20260207 - DI + 3.75%;21/10/2022;1034,584178;1047,401986;0,030628;0,029131;350000
POSI13 - POSITIVO TECNOLOGIA - 20260207 - DI + 3.75%;24/10/2022;1035,260852;1048,080917;0,030316;0,029109;350000
POSI13 - POSITIVO TECNOLOGIA - 20260207 - DI + 3.75%;25/10/2022;1035,937973;1048,811845;0,03075;0,029055;350000
POSI13 - POSITIVO TECNOLOGIA - 20260207 - DI + 3.75%;26/10/2022;1036,615522;1049,437527;0,030336;0,029068;350000
POSI13 - POSITIVO TECNOLOGIA - 20260207 - DI + 3.75%;27/10/2022;1037,29353;1050,099241;0,030337;0,029065;350000
POSI13 - POSITIVO TECNOLOGIA - 20260207 - DI + 3.75%;28/10/2022;1037,971976;1050,756419;0,030309;0,029062;350000
POSI13 - POSITIVO TECNOLOGIA - 20260207 - DI + 3.75%;31/10/2022;1038,650859;1051,433585;0,030193;0,029051;350000
POSI13 - POSITIVO TECNOLOGIA - 20260207 - DI + 3.75%;01/11/2022;1039,330192;1052,088498;0,030192;0,02905;350000
POSI13 - POSITIVO TECNOLOGIA - 20260207 - DI + 3.75%;03/11/2022;1040,009963;1052,730317;0,030192;0,029054;350000
POSI13 - POSITIVO TECNOLOGIA - 20260207 - DI + 3.75%;04/11/2022;1040,690183;1053,528614;0,030225;0,028962;350000
POSI13 - POSITIVO TECNOLOGIA - 20260207 - DI + 3.75%;07/11/2022;1041,370852;1054,143755;0,030185;0,02898;350000
POSI13 - POSITIVO TECNOLOGIA - 20260207 - DI + 3.75%;08/11/2022;1042,051959;1054,658899;0,030013;0,029069;350000
POSI13 - POSITIVO TECNOLOGIA - 20260207 - DI + 3.75%;09/11/2022;1042,733517;1055,466491;0,03;0,028968;350000
POSI13 - POSITIVO TECNOLOGIA - 20260207 - DI + 3.75%;10/11/2022;1043,415524;1056,340971;0,03;0,028778;350000
POSI13 - POSITIVO TECNOLOGIA - 20260207 - DI + 3.75%;11/11/2022;1044,09797;1056,90866;0,03;0,028821;350000
POSI13 - POSITIVO TECNOLOGIA - 20260207 - DI + 3.75%;14/11/2022;1044,780866;1057,573046;0,03;0,028829;350000
POSI13 - POSITIVO TECNOLOGIA - 20260207 - DI + 3.75%;16/11/2022;1045,464203;1058,194098;0,03;0,028834;350000
POSI13 - POSITIVO TECNOLOGIA - 20260207 - DI + 3.75%;17/11/2022;1046,147989;1058,976085;0,02964;0,028741;350000
POSI13 - POSITIVO TECNOLOGIA - 20260207 - DI + 3.75%;18/11/2022;1046,832226;1059,800983;0,02949;0,028619;350000
POSI13 - POSITIVO TECNOLOGIA - 20260207 - DI + 3.75%;21/11/2022;1047,516912;1060,91093;0,029479;0,02832;350000
POSI13 - POSITIVO TECNOLOGIA - 20260207 - DI + 3.75%;22/11/2022;1048,202039;1061,566578;0,029526;0,028313;350000
POSI13 - POSITIVO TECNOLOGIA - 20260207 - DI + 3.75%;23/11/2022;1048,887618;1062,10077;0,029397;0,028382;350000
POSI13 - POSITIVO TECNOLOGIA - 20260207 - DI + 3.75%;24/11/2022;1049,573646;1062,674511;0,02987;0,028456;350000
POSI13 - POSITIVO TECNOLOGIA - 20260207 - DI + 3.75%;25/11/2022;1050,260126;1063,166444;0,02996;0,028559;350000
POSI13 - POSITIVO TECNOLOGIA - 20260207 - DI + 3.75%;28/11/2022;1050,947047;1063,849858;0,029417;0,028552;350000
POSI13 - POSITIVO TECNOLOGIA - 20260207 - DI + 3.75%;29/11/2022;1051,634419;1064,524356;0,029864;0,028566;350000
POSI13 - POSITIVO TECNOLOGIA - 20260207 - DI + 3.75%;30/11/2022;1052,322244;1065,226829;0,030054;0,028543;350000
POSI13 - POSITIVO TECNOLOGIA - 20260207 - DI + 3.75%;01/12/2022;1053,010519;1065,77428;0,030052;0,028616;350000
POSI13 - POSITIVO TECNOLOGIA - 20260207 - DI + 3.75%;02/12/2022;1053,699247;1066,457114;0,030071;0,028611;350000
POSI13 - POSITIVO TECNOLOGIA - 20260207 - DI + 3.75%;05/12/2022;1054,388416;1067,084847;0,02987;0,028624;350000
POSI13 - POSITIVO TECNOLOGIA - 20260207 - DI + 3.75%;06/12/2022;1055,078037;1067,728001;0,029872;0,028634;350000
POSI13 - POSITIVO TECNOLOGIA - 20260207 - DI + 3.75%;07/12/2022;1055,768121;1068,402227;0,029824;0,028634;350000
POSI13 - POSITIVO TECNOLOGIA - 20260207 - DI + 3.75%;08/12/2022;1056,458647;1069,066216;0,030152;0,028632;350000
POSI13 - POSITIVO TECNOLOGIA - 20260207 - DI + 3.75%;09/12/2022;1057,149625;1070,061984;0,029527;0,028401;350000
POSI13 - POSITIVO TECNOLOGIA - 20260207 - DI + 3.75%;12/12/2022;1057,841058;1070,878457;0,029091;0,028279;350000
POSI13 - POSITIVO TECNOLOGIA - 20260207 - DI + 3.75%;13/12/2022;1058,532942;1071,685315;0,029378;0,028168;350000
POSI13 - POSITIVO TECNOLOGIA - 20260207 - DI + 3.75%;14/12/2022;1059,225269;1072,686844;;0,027924;350000
POSI13 - POSITIVO TECNOLOGIA - 20260207 - DI + 3.75%;15/12/2022;1059,91806;1073,474815;0,029226;0,027849;350000
POSI13 - POSITIVO TECNOLOGIA - 20260207 - DI + 3.75%;16/12/2022;1060,611304;1074,225164;0,029814;0,02778;350000
POSI13 - POSITIVO TECNOLOGIA - 20260207 - DI + 3.75%;19/12/2022;1061,305002;1074,535473;0,029632;0,02803;350000
POSI13 - POSITIVO TECNOLOGIA - 20260207 - DI + 3.75%;20/12/2022;1061,999143;1075,45234;0,030005;0,027867;350000
POSI13 - POSITIVO TECNOLOGIA - 20260207 - DI + 3.75%;21/12/2022;1062,693748;1075,966085;0,029134;0,027977;350000
POSI13 - POSITIVO TECNOLOGIA - 20260207 - DI + 3.75%;22/12/2022;1063,388808;1076,600304;0,029833;0,028007;350000
POSI13 - POSITIVO TECNOLOGIA - 20260207 - DI + 3.75%;23/12/2022;1064,084321;1077,633247;0,029404;0,027757;350000
POSI13 - POSITIVO TECNOLOGIA - 20260207 - DI + 3.75%;26/12/2022;1064,780289;1078,111992;0,02932;0,027883;350000
POSI13 - POSITIVO TECNOLOGIA - 20260207 - DI + 3.75%;27/12/2022;1065,476711;1078,788883;0,02979;0,027876;350000
POSI13 - POSITIVO TECNOLOGIA - 20260207 - DI + 3.75%;28/12/2022;1066,173588;1079,42581;0,029842;0,027907;350000
POSI13 - POSITIVO TECNOLOGIA - 20260207 - DI + 3.75%;29/12/2022;1066,87092;1080,298265;0,029407;0,027762;350000
POSI13 - POSITIVO TECNOLOGIA - 20260207 - DI + 3.75%;30/12/2022;1067,568707;1080,964264;;0,027762;350000
POSI13 - POSITIVO TECNOLOGIA - 20260207 - DI + 3.75%;02/01/2023;1068,266949;1081,727457;0,029235;0,027681;350000
POSI13 - POSITIVO TECNOLOGIA - 20260207 - DI + 3.75%;03/01/2023;1068,965656;1082,63567;0,027947;0,027493;350000
POSI13 - POSITIVO TECNOLOGIA - 20260207 - DI + 3.75%;04/01/2023;1069,664819;1083,831211;0,027756;0,027103;350000
POSI13 - POSITIVO TECNOLOGIA - 20260207 - DI + 3.75%;05/01/2023;1070,364427;1084,702801;0,028045;0,026963;350000
POSI13 - POSITIVO TECNOLOGIA - 20260207 - DI + 3.75%;06/01/2023;1071,064501;1085,4013;0,027982;0,02695;350000
POSI13 - POSITIVO TECNOLOGIA - 20260207 - DI + 3.75%;09/01/2023;1071,765031;1086,058263;0,028228;0,026962;350000
POSI13 - POSITIVO TECNOLOGIA - 20260207 - DI + 3.75%;10/01/2023;1072,466028;1086,871797;0,027708;0,026858;350000
POSI13 - POSITIVO TECNOLOGIA - 20260207 - DI + 3.75%;11/01/2023;1073,16747;1087,614528;0,027965;0,026809;350000
POSI13 - POSITIVO TECNOLOGIA - 20260207 - DI + 3.75%;12/01/2023;1073,869379;1088,123106;0,028659;0,026933;350000
POSI13 - POSITIVO TECNOLOGIA - 20260207 - DI + 3.75%;13/01/2023;1074,571744;1088,681747;0,028465;0,027012;350000
POSI13 - POSITIVO TECNOLOGIA - 20260207 - DI + 3.75%;16/01/2023;1075,274577;1088,729195;0,031803;0,027456;350000
POSI13 - POSITIVO TECNOLOGIA - 20260207 - DI + 3.75%;17/01/2023;1075,977856;1089,031365;0,031029;0,027734;350000
POSI13 - POSITIVO TECNOLOGIA - 20260207 - DI + 3.75%;18/01/2023;1076,681602;1089,398373;0,03029;0,027959;350000
POSI13 - POSITIVO TECNOLOGIA - 20260207 - DI + 3.75%;19/01/2023;1077,385816;1090,318159;0,029741;0,027772;350000
POSI13 - POSITIVO TECNOLOGIA - 20260207 - DI + 3.75%;20/01/2023;1078,090477;1091,133782;0,029844;0,027659;350000
POSI13 - POSITIVO TECNOLOGIA - 20260207 - DI + 3.75%;23/01/2023;1078,795605;1091,823338;0,029826;0,027642;350000
POSI13 - POSITIVO TECNOLOGIA - 20260207 - DI + 3.75%;24/01/2023;1079,501192;1092,516391;0,029824;0,027631;350000
POSI13 - POSITIVO TECNOLOGIA - 20260207 - DI + 3.75%;25/01/2023;1080,207246;1093,230937;0,029727;0,027605;350000
POSI13 - POSITIVO TECNOLOGIA - 20260207 - DI + 3.75%;26/01/2023;1080,913759;1093,883566;0,029818;0,027618;350000
POSI13 - POSITIVO TECNOLOGIA - 20260207 - DI + 3.75%;27/01/2023;1081,620728;1094,620948;0,02935;0,027564;350000
POSI13 - POSITIVO TECNOLOGIA - 20260207 - DI + 3.75%;30/01/2023;1082,328168;1095,426926;0,029511;0,027463;350000
POSI13 - POSITIVO TECNOLOGIA - 20260207 - DI + 3.75%;31/01/2023;1083,036065;1096,215428;0,029495;0,02738;350000
POSI13 - POSITIVO TECNOLOGIA - 20260207 - DI + 3.75%;01/02/2023;1083,744431;1096,937298;0,029482;0,027339;350000
POSI13 - POSITIVO TECNOLOGIA - 20260207 - DI + 3.75%;02/02/2023;1084,453256;1097,56692;0,029475;0,027369;350000
POSI13 - POSITIVO TECNOLOGIA - 20260207 - DI + 3.75%;03/02/2023;1085,162541;1098,311613;0,02948;0,027303;350000
POSI13 - POSITIVO TECNOLOGIA - 20260207 - DI + 3.75%;06/02/2023;1085,872294;1098,953306;0,029225;0,027328;350000
POSI13 - POSITIVO TECNOLOGIA - 20260207 - DI + 3.75%;07/02/2023;857,143;869,841509;0,029774;0,027603;
POSI13 - POSITIVO TECNOLOGIA - 20260207 - DI + 3.75%;08/02/2023;857,703616;870,148932;0,029848;0,027791;350000
POSI13 - POSITIVO TECNOLOGIA - 20260207 - DI + 3.75%;09/02/2023;858,264601;869,383797;0,03124;0,028797;350000
POSI13 - POSITIVO TECNOLOGIA - 20260207 - DI + 3.75%;10/02/2023;858,825945;869,282717;0,0312;0,029293;350000
POSI13 - POSITIVO TECNOLOGIA - 20260207 - DI + 3.75%;13/02/2023;859,387667;869,483294;0,032535;0,029553;350000
POSI13 - POSITIVO TECNOLOGIA - 20260207 - DI + 3.75%;14/02/2023;859,949749;870,825299;0,0326;0,028935;350000
POSI13 - POSITIVO TECNOLOGIA - 20260207 - DI + 3.75%;15/02/2023;860,5122;871,763589;0,032144;0,028638;350000
POSI13 - POSITIVO TECNOLOGIA - 20260207 - DI + 3.75%;16/02/2023;861,07502;872,420057;0,032;0,028548;350000
POSI13 - POSITIVO TECNOLOGIA - 20260207 - DI + 3.75%;17/02/2023;861,63821;873,328601;0,032416;0,028263;350000
POSI13 - POSITIVO TECNOLOGIA - 20260207 - DI + 3.75%;22/02/2023;862,201768;873,508978;0,031975;0,028538;350000
POSI13 - POSITIVO TECNOLOGIA - 20260207 - DI + 3.75%;23/02/2023;862,765688;874,037703;0,0318;0,028548;350000
POSI13 - POSITIVO TECNOLOGIA - 20260207 - DI + 3.75%;24/02/2023;863,329986;874,497598;0,032285;0,028605;350000
POSI13 - POSITIVO TECNOLOGIA - 20260207 - DI + 3.75%;27/02/2023;863,894644;875,370407;0,032202;0,028353;350000
POSI13 - POSITIVO TECNOLOGIA - 20260207 - DI + 3.75%;28/02/2023;864,459681;876,170632;0,033143;0,028146;350000
POSI13 - POSITIVO TECNOLOGIA - 20260207 - DI + 3.75%;01/03/2023;865,02508;876,832983;0,032143;0,028052;350000
POSI13 - POSITIVO TECNOLOGIA - 20260207 - DI + 3.75%;02/03/2023;865,59085;875,79276;0,033119;0,029301;350000
POSI13 - POSITIVO TECNOLOGIA - 20260207 - DI + 3.75%;03/03/2023;866,156997;876,904916;0,033119;0,028848;350000
POSI13 - POSITIVO TECNOLOGIA - 20260207 - DI + 3.75%;06/03/2023;866,723506;877,083077;0,032903;0,029146;350000
POSI13 - POSITIVO TECNOLOGIA - 20260207 - DI + 3.75%;07/03/2023;867,290386;877,733783;0,032903;0,029066;
POSI13 - POSITIVO TECNOLOGIA - 20260207 - DI + 3.75%;08/03/2023;867,857644;877,420079;0,0324;0,029762;350000
POSI13 - POSITIVO TECNOLOGIA - 20260207 - DI + 3.75%;09/03/2023;868,425266;878,135987;0,032903;0,029634;350000
POSI13 - POSITIVO TECNOLOGIA - 20260207 - DI + 3.75%;10/03/2023;868,993258;877,713791;0,033276;0,030407;350000
POSI13 - POSITIVO TECNOLOGIA - 20260207 - DI + 3.75%;13/03/2023;869,561629;878,18644;0,033003;0,030477;350000
POSI13 - POSITIVO TECNOLOGIA - 20260207 - DI + 3.75%;14/03/2023;870,130364;878,341012;0,032835;0,030795;350000
POSI13 - POSITIVO TECNOLOGIA - 20260207 - DI + 3.75%;15/03/2023;870,699478;878,940084;0,032535;0,030762;350000
POSI13 - POSITIVO TECNOLOGIA - 20260207 - DI + 3.75%;16/03/2023;871,268955;879,503004;0,032835;0,030749;350000
POSI13 - POSITIVO TECNOLOGIA - 20260207 - DI + 3.75%;17/03/2023;871,838812;880,019868;0,0325;0,030782;350000
POSI13 - POSITIVO TECNOLOGIA - 20260207 - DI + 3.75%;20/03/2023;872,409041;880,365297;0,032835;0,03095;350000
POSI13 - POSITIVO TECNOLOGIA - 20260207 - DI + 3.75%;21/03/2023;872,979641;881,003278;0,033419;0,03088;350000
POSI13 - POSITIVO TECNOLOGIA - 20260207 - DI + 3.75%;22/03/2023;873,550613;881,492829;0,032901;0,030934;350000
POSI13 - POSITIVO TECNOLOGIA - 20260207 - DI + 3.75%;23/03/2023;874,121967;881,972176;0,032903;0,030991;350000
POSI13 - POSITIVO TECNOLOGIA - 20260207 - DI + 3.75%;24/03/2023;874,693683;882,455866;0,032919;0,031055;350000
POSI13 - POSITIVO TECNOLOGIA - 20260207 - DI + 3.75%;27/03/2023;875,26578;882,931676;0,0326;0,031123;350000
POSI13 - POSITIVO TECNOLOGIA - 20260207 - DI + 3.75%;28/03/2023;875,838251;883,25967;0,032919;0,031307;350000
POSI13 - POSITIVO TECNOLOGIA - 20260207 - DI + 3.75%;29/03/2023;876,411092;883,900661;0,033278;0,031232;350000
POSI13 - POSITIVO TECNOLOGIA - 20260207 - DI + 3.75%;30/03/2023;876,984317;884,521552;0,033608;0,031185;350000
POSI13 - POSITIVO TECNOLOGIA - 20260207 - DI + 3.75%;31/03/2023;877,557905;885,222884;0,032903;0,031063;350000
POSI13 - POSITIVO TECNOLOGIA - 20260207 - DI + 3.75%;03/04/2023;878,131873;885,830874;0,033276;0,031021;350000
POSI13 - POSITIVO TECNOLOGIA - 20260207 - DI + 3.75%;04/04/2023;878,706217;886,347485;0,033276;0,031054;350000
POSI13 - POSITIVO TECNOLOGIA - 20260207 - DI + 3.75%;05/04/2023;879,280941;886,802415;0,0325;0,031141;350000
POSI13 - POSITIVO TECNOLOGIA - 20260207 - DI + 3.75%;06/04/2023;879,856038;887,325949;0,033276;0,031168;350000
POSI13 - POSITIVO TECNOLOGIA - 20260207 - DI + 3.75%;10/04/2023;880,431509;887,87671;0,033459;0,031176;350000
POSI13 - POSITIVO TECNOLOGIA - 20260207 - DI + 3.75%;11/04/2023;881,007354;888,431121;0,033252;0,031187;350000
POSI13 - POSITIVO TECNOLOGIA - 20260207 - DI + 3.75%;12/04/2023;881,583582;888,964891;0,033787;0,031208;350000
POSI13 - POSITIVO TECNOLOGIA - 20260207 - DI + 3.75%;13/04/2023;882,160183;889,299179;0,034089;0,031399;350000
POSI13 - POSITIVO TECNOLOGIA - 20260207 - DI + 3.75%;14/04/2023;882,737157;889,736469;0,034035;0,031501;350000
POSI13 - POSITIVO TECNOLOGIA - 20260207 - DI + 3.75%;17/04/2023;883,314515;890,102159;0,034108;0,031667;350000
POSI13 - POSITIVO TECNOLOGIA - 20260207 - DI + 3.75%;18/04/2023;883,892247;890,545851;0,034616;0,031766;350000
POSI13 - POSITIVO TECNOLOGIA - 20260207 - DI + 3.75%;19/04/2023;884,470362;890,978721;0,034616;0,031874;
POSI13 - POSITIVO TECNOLOGIA - 20260207 - DI + 3.75%;20/04/2023;885,048851;891,403369;0,034866;0,031997;350000
POSI13 - POSITIVO TECNOLOGIA - 20260207 - DI + 3.75%;24/04/2023;885,627716;891,83141;0,0351;0,032116;350000
POSI13 - POSITIVO TECNOLOGIA - 20260207 - DI + 3.75%;25/04/2023;886,206964;892,291674;0,0352;0,032208;350000
POSI13 - POSITIVO TECNOLOGIA - 20260207 - DI + 3.75%;26/04/2023;886,786586;892,672236;0,0352;0,032367;350000
POSI13 - POSITIVO TECNOLOGIA - 20260207 - DI + 3.75%;27/04/2023;887,366592;892,616796;0,035116;0,032906;350000
POSI13 - POSITIVO TECNOLOGIA - 20260207 - DI + 3.75%;28/04/2023;887,946982;893,253279;0,0352;0,032843;350000
POSI13 - POSITIVO TECNOLOGIA - 20260207 - DI + 3.75%;02/05/2023;888,527738;893,772943;0,03504;0,032887;350000
POSI13 - POSITIVO TECNOLOGIA - 20260207 - DI + 3.75%;03/05/2023;889,108888;894,371055;0,034728;0,032863;350000
POSI13 - POSITIVO TECNOLOGIA - 20260207 - DI + 3.75%;04/05/2023;889,690413;894,994335;0,034871;0,032818;350000
POSI13 - POSITIVO TECNOLOGIA - 20260207 - DI + 3.75%;05/05/2023;889,690413;895,586301;0,03495;0,032799;350000
POSI13 - POSITIVO TECNOLOGIA - 20260207 - DI + 3.75%;08/05/2023;890,272313;896,166643;0,034825;0,03279;350000
POSI13 - POSITIVO TECNOLOGIA - 20260207 - DI + 3.75%;09/05/2023;891,43726;896,75119;0,034825;0,032775;350000
POSI13 - POSITIVO TECNOLOGIA - 20260207 - DI + 3.75%;10/05/2023;892,020306;897,351079;0,035016;0,032749;350000
POSI13 - POSITIVO TECNOLOGIA - 20260207 - DI + 3.75%;11/05/2023;892,603737;897,856985;0,035407;0,032808;350000
POSI13 - POSITIVO TECNOLOGIA - 20260207 - DI + 3.75%;12/05/2023;893,187544;898,334138;0,035352;0,03289;350000
POSI13 - POSITIVO TECNOLOGIA - 20260207 - DI + 3.75%;15/05/2023;893,771735;898,82475;0,034957;0,032963;350000
POSI13 - POSITIVO TECNOLOGIA - 20260207 - DI + 3.75%;16/05/2023;894,356313;899,419711;0,035207;0,032942;350000
POSI13 - POSITIVO TECNOLOGIA - 20260207 - DI + 3.75%;17/05/2023;894,941266;900,016358;0,035608;0,032919;350000
POSI13 - POSITIVO TECNOLOGIA - 20260207 - DI + 3.75%;18/05/2023;895,526607;900,29257;0,035563;0,033187;350000
POSI13 - POSITIVO TECNOLOGIA - 20260207 - DI + 3.75%;19/05/2023;896,112324;900,465314;0,036803;0,033549;350000
POSI13 - POSITIVO TECNOLOGIA - 20260207 - DI + 3.75%;22/05/2023;896,698426;900,498703;0,036378;0,034039;350000
POSI13 - POSITIVO TECNOLOGIA - 20260207 - DI + 3.75%;23/05/2023;897,284915;900,820247;0,036378;0,034272;350000
POSI13 - POSITIVO TECNOLOGIA - 20260207 - DI + 3.75%;24/05/2023;897,871789;901,32897;0,036046;0,034336;350000
POSI13 - POSITIVO TECNOLOGIA - 20260207 - DI + 3.75%;25/05/2023;898,459041;902,100805;0,035124;0,034162;350000
POSI13 - POSITIVO TECNOLOGIA - 20260207 - DI + 3.75%;26/05/2023;899,04668;902,894222;0,03492;0,033966;350000
POSI13 - POSITIVO TECNOLOGIA - 20260207 - DI + 3.75%;29/05/2023;899,634705;903,583809;0,035652;0,033863;350000
POSI13 - POSITIVO TECNOLOGIA - 20260207 - DI + 3.75%;30/05/2023;900,223115;904,142238;0,035738;0,033882;350000
POSI13 - POSITIVO TECNOLOGIA - 20260207 - DI + 3.75%;31/05/2023;900,811906;904,719356;0,035646;0,033883;350000
POSI13 - POSITIVO TECNOLOGIA - 20260207 - DI + 3.75%;01/06/2023;901,401082;905,307642;0,03629;0,033875;350000
POSI13 - POSITIVO TECNOLOGIA - 20260207 - DI + 3.75%;02/06/2023;901,990645;905,923545;0,0355;0,033841;350000
POSI13 - POSITIVO TECNOLOGIA - 20260207 - DI + 3.75%;05/06/2023;902,580595;906,537671;0,036228;0,033812;350000
POSI13 - POSITIVO TECNOLOGIA - 20260207 - DI + 3.75%;06/06/2023;903,170934;907,309309;0,035583;0,033635;350000
POSI13 - POSITIVO TECNOLOGIA - 20260207 - DI + 3.75%;07/06/2023;903,761651;907,834192;0,035558;0,033686;350000
POSI13 - POSITIVO TECNOLOGIA - 20260207 - DI + 3.75%;09/06/2023;904,352754;908,374188;0,035924;0,033727;350000
POSI13 - POSITIVO TECNOLOGIA - 20260207 - DI + 3.75%;12/06/2023;904,944255;908,836085;0,036193;0,033839;350000
POSI13 - POSITIVO TECNOLOGIA - 20260207 - DI + 3.75%;13/06/2023;905,536134;909,397997;0,0351;0,033855;350000
POSI13 - POSITIVO TECNOLOGIA - 20260207 - DI + 3.75%;14/06/2023;906,128403;910,10817;0,035108;0,033735;350000
POSI13 - POSITIVO TECNOLOGIA - 20260207 - DI + 3.75%;15/06/2023;906,721058;911,205312;0,0351;0,03325;350000
POSI13 - POSITIVO TECNOLOGIA - 20260207 - DI + 3.75%;16/06/2023;907,314101;911,85348;0,03494;0,033186;350000
POSI13 - POSITIVO TECNOLOGIA - 20260207 - DI + 3.75%;19/06/2023;907,907526;912,343756;0,036074;0,033272;350000
POSI13 - POSITIVO TECNOLOGIA - 20260207 - DI + 3.75%;20/06/2023;908,501347;912,603717;0,035581;0,033579;350000
POSI13 - POSITIVO TECNOLOGIA - 20260207 - DI + 3.75%;21/06/2023;909,095556;913,589309;0,035;0,033195;350000
POSI13 - POSITIVO TECNOLOGIA - 20260207 - DI + 3.75%;22/06/2023;909,690153;914,131603;0,03494;0,033232;350000
POSI13 - POSITIVO TECNOLOGIA - 20260207 - DI + 3.75%;23/06/2023;910,285131;914,607194;0,035795;0,033337;350000
POSI13 - POSITIVO TECNOLOGIA - 20260207 - DI + 3.75%;26/06/2023;910,880508;914,673324;0,035724;0,033835;350000
POSI13 - POSITIVO TECNOLOGIA - 20260207 - DI + 3.75%;27/06/2023;911,476273;915,333614;0,035433;0,033763;350000
POSI13 - POSITIVO TECNOLOGIA - 20260207 - DI + 3.75%;28/06/2023;912,072427;915,931146;0,035638;0,033751;350000
POSI13 - POSITIVO TECNOLOGIA - 20260207 - DI + 3.75%;29/06/2023;912,668972;916,538214;0,035638;0,033732;350000
POSI13 - POSITIVO TECNOLOGIA - 20260207 - DI + 3.75%;30/06/2023;913,265905;917,075163;0,035558;0,033782;350000
POSI13 - POSITIVO TECNOLOGIA - 20260207 - DI + 3.75%;03/07/2023;913,863229;917,776181;0,035117;0,033673;350000
POSI13 - POSITIVO TECNOLOGIA - 20260207 - DI + 3.75%;04/07/2023;914,460941;918,480606;0,035102;0,033557;350000
POSI13 - POSITIVO TECNOLOGIA - 20260207 - DI + 3.75%;05/07/2023;915,059045;918,44764;0,037111;0,034163;350000
POSI13 - POSITIVO TECNOLOGIA - 20260207 - DI + 3.75%;06/07/2023;915,657537;919,105517;0,036678;0,034094;350000
POSI13 - POSITIVO TECNOLOGIA - 20260207 - DI + 3.75%;07/07/2023;916,25643;919,496968;0,03656;0,034291;350000
POSI13 - POSITIVO TECNOLOGIA - 20260207 - DI + 3.75%;10/07/2023;916,855712;920,074806;0,036917;0,034302;350000
POSI13 - POSITIVO TECNOLOGIA - 20260207 - DI + 3.75%;11/07/2023;917,455377;920,651699;0,037225;0,034315;350000
POSI13 - POSITIVO TECNOLOGIA - 20260207 - DI + 3.75%;12/07/2023;918,05544;921,240386;0,036717;0,034317;350000
POSI13 - POSITIVO TECNOLOGIA - 20260207 - DI + 3.75%;13/07/2023;918,655894;921,753524;0,03687;0,034394;350000
POSI13 - POSITIVO TECNOLOGIA - 20260207 - DI + 3.75%;14/07/2023;919,256749;922,204838;0,036753;0,034534;350000
POSI13 - POSITIVO TECNOLOGIA - 20260207 - DI + 3.75%;17/07/2023;919,857986;920,889451;0,038253;0,036457;350000
POSI13 - POSITIVO TECNOLOGIA - 20260207 - DI + 3.75%;18/07/2023;920,459621;920,640903;0,038888;0,037316;350000
POSI13 - POSITIVO TECNOLOGIA - 20260207 - DI + 3.75%;19/07/2023;921,061649;921,180469;0,039205;0,037379;350000
POSI13 - POSITIVO TECNOLOGIA - 20260207 - DI + 3.75%;20/07/2023;921,664077;921,716924;0,03913;0,037446;350000
POSI13 - POSITIVO TECNOLOGIA - 20260207 - DI + 3.75%;21/07/2023;922,266888;922,175124;0,03943;0,037594;350000
POSI13 - POSITIVO TECNOLOGIA - 20260207 - DI + 3.75%;24/07/2023;922,870099;922,646287;0,039292;0,03773;350000
POSI13 - POSITIVO TECNOLOGIA - 20260207 - DI + 3.75%;25/07/2023;923,47371;923,193224;0,039442;0,037789;350000
POSI13 - POSITIVO TECNOLOGIA - 20260207 - DI + 3.75%;26/07/2023;924,077707;923,715757;0,039392;0,037874;350000
POSI13 - POSITIVO TECNOLOGIA - 20260207 - DI + 3.75%;27/07/2023;924,682102;924,39266;0,039317;0,0378;350000
POSI13 - POSITIVO TECNOLOGIA - 20260207 - DI + 3.75%;28/07/2023;925,28689;925,326331;0,038854;0,037459;350000
POSI13 - POSITIVO TECNOLOGIA - 20260207 - DI + 3.75%;31/07/2023;925,89208;926,214546;0,038511;0,037164;350000
POSI13 - POSITIVO TECNOLOGIA - 20260207 - DI + 3.75%;01/08/2023;926,497662;926,779827;0,039668;0,037205;350000
POSI13 - POSITIVO TECNOLOGIA - 20260207 - DI + 3.75%;02/08/2023;927,103637;926,127138;0,040711;0,038526;350000
POSI13 - POSITIVO TECNOLOGIA - 20260207 - DI + 3.75%;03/08/2023;927,710014;927,00024;0,04054;0,038247;350000
POSI13 - POSITIVO TECNOLOGIA - 20260207 - DI + 3.75%;04/08/2023;928,300536;927,504089;0,040411;0,038341;350000
POSI13 - POSITIVO TECNOLOGIA - 20260207 - DI + 3.75%;07/08/2023;714,285548;713,871009;0,040032;0,037939;350000
POSI13 - POSITIVO TECNOLOGIA - 20260207 - DI + 3.75%;08/08/2023;714,740219;714,22096;0,040155;0,038051;350000
POSI13 - POSITIVO TECNOLOGIA - 20260207 - DI + 3.75%;09/08/2023;715,195179;716,398705;0,039733;0,036223;350000
POSI13 - POSITIVO TECNOLOGIA - 20260207 - DI + 3.75%;10/08/2023;715,650428;715,430784;0,040059;0,037734;350000
POSI13 - POSITIVO TECNOLOGIA - 20260207 - DI + 3.75%;11/08/2023;716,105966;715,666795;0,040102;0,037969;350000
POSI13 - POSITIVO TECNOLOGIA - 20260207 - DI + 3.75%;14/08/2023;716,561801;716,160308;0,03996;0,03793;350000
POSI13 - POSITIVO TECNOLOGIA - 20260207 - DI + 3.75%;15/08/2023;717,017918;716,718913;0,040022;0,037821;350000
POSI13 - POSITIVO TECNOLOGIA - 20260207 - DI + 3.75%;16/08/2023;717,474325;717,285655;0,04;0,037703;350000
POSI13 - POSITIVO TECNOLOGIA - 20260207 - DI + 3.75%;17/08/2023;717,93103;717,816985;0,040112;0,037623;350000
POSI13 - POSITIVO TECNOLOGIA - 20260207 - DI + 3.75%;18/08/2023;718,388023;718,253895;0,039765;0,037645;350000
POSI13 - POSITIVO TECNOLOGIA - 20260207 - DI + 3.75%;21/08/2023;718,8453;718,867444;0,039622;0,037476;350000
POSI13 - POSITIVO TECNOLOGIA - 20260207 - DI + 3.75%;22/08/2023;719,302873;719,581059;0,039688;0,037198;350000
POSI13 - POSITIVO TECNOLOGIA - 20260207 - DI + 3.75%;23/08/2023;719,760744;720,151521;0,039567;0,037075;350000
POSI13 - POSITIVO TECNOLOGIA - 20260207 - DI + 3.75%;24/08/2023;720,218898;722,694213;0,039059;0,03481;350000
POSI13 - POSITIVO TECNOLOGIA - 20260207 - DI + 3.75%;25/08/2023;720,677349;722,98612;0,037049;0,034983;350000
POSI13 - POSITIVO TECNOLOGIA - 20260207 - DI + 3.75%;28/08/2023;721,136083;723,667823;0,037927;0,034734;350000
POSI13 - POSITIVO TECNOLOGIA - 20260207 - DI + 3.75%;29/08/2023;721,595115;723,723803;0,038831;0,035168;350000
POSI13 - POSITIVO TECNOLOGIA - 20260207 - DI + 3.75%;30/08/2023;722,054438;724,634299;0,036588;0,034669;350000
POSI13 - POSITIVO TECNOLOGIA - 20260207 - DI + 3.75%;31/08/2023;722,514059;725,148536;0,037983;0,034601;350000
POSI13 - POSITIVO TECNOLOGIA - 20260207 - DI + 3.75%;01/09/2023;722,973962;725,803393;0,037768;0,034379;350000
POSI13 - POSITIVO TECNOLOGIA - 20260207 - DI + 3.75%;04/09/2023;723,434165;725,646822;0,038421;0,035051;350000
POSI13 - POSITIVO TECNOLOGIA - 20260207 - DI + 3.75%;05/09/2023;723,894658;726,395257;0,038066;0,034726;350000
POSI13 - POSITIVO TECNOLOGIA - 20260207 - DI + 3.75%;06/09/2023;724,355449;727,137488;0,036912;0,034408;350000
POSI13 - POSITIVO TECNOLOGIA - 20260207 - DI + 3.75%;08/09/2023;724,816532;727,609448;0,037927;0,034389;350000
POSI13 - POSITIVO TECNOLOGIA - 20260207 - DI + 3.75%;11/09/2023;725,277906;727,247972;0,03878;0,035298;350000
POSI13 - POSITIVO TECNOLOGIA - 20260207 - DI + 3.75%;12/09/2023;725,739571;728,884719;0,037363;0,033983;350000
POSI13 - POSITIVO TECNOLOGIA - 20260207 - DI + 3.75%;13/09/2023;726,201536;729,364333;0,037158;0,033955;350000
POSI13 - POSITIVO TECNOLOGIA - 20260207 - DI + 3.75%;14/09/2023;726,66379;729,944326;0,03745;0,033814;350000
POSI13 - POSITIVO TECNOLOGIA - 20260207 - DI + 3.75%;15/09/2023;727,126338;730,888889;0,036751;0,033264;350000
POSI13 - POSITIVO TECNOLOGIA - 20260207 - DI + 3.75%;18/09/2023;727,589184;731,317867;0,03662;0,033291;350000
POSI13 - POSITIVO TECNOLOGIA - 20260207 - DI + 3.75%;19/09/2023;728,052322;732,401632;0,034548;0,032581;350000
POSI13 - POSITIVO TECNOLOGIA - 20260207 - DI + 3.75%;20/09/2023;728,51576;732,782141;0,036235;0,032662;350000
POSI13 - POSITIVO TECNOLOGIA - 20260207 - DI + 3.75%;21/09/2023;728,979489;733,686941;0,033869;0,03215;350000
POSI13 - POSITIVO TECNOLOGIA - 20260207 - DI + 3.75%;22/09/2023;729,430692;733,803012;0,035936;0,032516;350000
POSI13 - POSITIVO TECNOLOGIA - 20260207 - DI + 3.75%;25/09/2023;729,882176;734,699237;0,033828;0,031997;350000
POSI13 - POSITIVO TECNOLOGIA - 20260207 - DI + 3.75%;26/09/2023;730,333942;735,143751;0,033703;0,031988;350000
POSI13 - POSITIVO TECNOLOGIA - 20260207 - DI + 3.75%;27/09/2023;730,785989;735,723472;0,033745;0,031823;350000
POSI13 - POSITIVO TECNOLOGIA - 20260207 - DI + 3.75%;28/09/2023;731,238319;736,811851;0,033424;0,031079;350000
POSI13 - POSITIVO TECNOLOGIA - 20260207 - DI + 3.75%;29/09/2023;731,690922;736,877738;0,035118;0,031509;350000
POSI13 - POSITIVO TECNOLOGIA - 20260207 - DI + 3.75%;02/10/2023;732,143808;737,756665;0,032983;0,030999;350000
POSI13 - POSITIVO TECNOLOGIA - 20260207 - DI + 3.75%;03/10/2023;732,596975;738,242821;0,033028;0,03094;350000
POSI13 - POSITIVO TECNOLOGIA - 20260207 - DI + 3.75%;04/10/2023;733,050418;738,777269;0,032882;0,030833;350000
POSI13 - POSITIVO TECNOLOGIA - 20260207 - DI + 3.75%;05/10/2023;733,504142;739,130901;0,032686;0,030931;350000
POSI13 - POSITIVO TECNOLOGIA - 20260207 - DI + 3.75%;06/10/2023;733,958149;739,627785;0,032731;0,030864;350000
POSI13 - POSITIVO TECNOLOGIA - 20260207 - DI + 3.75%;09/10/2023;734,412437;739,990307;0,03297;0,030956;350000
POSI13 - POSITIVO TECNOLOGIA - 20260207 - DI + 3.75%;10/10/2023;734,867009;740,551671;0,032995;0,030816;350000
POSI13 - POSITIVO TECNOLOGIA - 20260207 - DI + 3.75%;11/10/2023;735,321863;740,962211;0,032919;0,030846;350000
POSI13 - POSITIVO TECNOLOGIA - 20260207 - DI + 3.75%;13/10/2023;735,776993;741,554315;0,033042;0,030664;350000
POSI13 - POSITIVO TECNOLOGIA - 20260207 - DI + 3.75%;16/10/2023;736,232405;741,756816;0,033015;0,030945;350000
POSI13 - POSITIVO TECNOLOGIA - 20260207 - DI + 3.75%;17/10/2023;736,688107;742,357809;0,033047;0,030752;350000
POSI13 - POSITIVO TECNOLOGIA - 20260207 - DI + 3.75%;18/10/2023;737,144084;742,969565;0,032562;0,030548;350000
POSI13 - POSITIVO TECNOLOGIA - 20260207 - DI + 3.75%;19/10/2023;737,600346;743,61603;0,03185;0,0303;350000
POSI13 - POSITIVO TECNOLOGIA - 20260207 - DI + 3.75%;20/10/2023;738,056883;744,180193;0,032053;0,030156;350000
POSI13 - POSITIVO TECNOLOGIA - 20260207 - DI + 3.75%;23/10/2023;738,513711;744,552414;0,032264;0,030236;350000
POSI13 - POSITIVO TECNOLOGIA - 20260207 - DI + 3.75%;24/10/2023;738,97082;745,014789;0,032053;0,030212;350000
POSI13 - POSITIVO TECNOLOGIA - 20260207 - DI + 3.75%;25/10/2023;739,428207;745,566206;0,032149;0,030079;350000
POSI13 - POSITIVO TECNOLOGIA - 20260207 - DI + 3.75%;26/10/2023;739,885885;746,039122;0,032044;0,030044;350000
POSI13 - POSITIVO TECNOLOGIA - 20260207 - DI + 3.75%;27/10/2023;740,343839;746,70258;0,031871;0,02977;350000
POSI13 - POSITIVO TECNOLOGIA - 20260207 - DI + 3.75%;30/10/2023;740,802084;747,053704;0,031976;0,029872;350000
POSI13 - POSITIVO TECNOLOGIA - 20260207 - DI + 3.75%;31/10/2023;741,260606;747,488622;0,031832;0,02988;350000
POSI13 - POSITIVO TECNOLOGIA - 20260207 - DI + 3.75%;01/11/2023;741,719418;747,821616;0,033812;0,030015;350000
POSI13 - POSITIVO TECNOLOGIA - 20260207 - DI + 3.75%;03/11/2023;742,178508;748,213918;0,03185;0,030079;350000
POSI13 - POSITIVO TECNOLOGIA - 20260207 - DI + 3.75%;06/11/2023;742,624777;749,014568;0,031732;0,029623;350000
POSI13 - POSITIVO TECNOLOGIA - 20260207 - DI + 3.75%;07/11/2023;743,071312;749,523151;0,031666;0,029526;350000
POSI13 - POSITIVO TECNOLOGIA - 20260207 - DI + 3.75%;08/11/2023;743,518114;749,749119;0,031789;0,029774;350000
POSI13 - POSITIVO TECNOLOGIA - 20260207 - DI + 3.75%;09/11/2023;743,965189;750,315379;0,031701;0,029604;350000
POSI13 - POSITIVO TECNOLOGIA - 20260207 - DI + 3.75%;10/11/2023;744,41253;750,756819;0,031531;0,02959;350000
POSI13 - POSITIVO TECNOLOGIA - 20260207 - DI + 3.75%;13/11/2023;744,860145;750,847321;0,034809;0,030009;350000
POSI13 - POSITIVO TECNOLOGIA - 20260207 - DI + 3.75%;14/11/2023;745,308026;751,529487;0,031735;0,029701;350000
